record_id,clause,gold_aspect,gold_sentiment,rating_context,provenance_status,label_status,change_note
ORIG-0133,I only eat chicken,Food,Positive,4,ORIGINAL_TEXT_UNVERIFIED_SOURCE,ORIGINAL_LABEL_UNVERIFIED,Original clause and label retained without provenance verification.
ORIG-0129,The food was not made well and the service needs a lot of improvement.,Service,Negative,1,ORIGINAL_TEXT_UNVERIFIED_SOURCE,ORIGINAL_LABEL_UNVERIFIED,Original clause and label retained without provenance verification.
ORIG-0404,the spread is definitely good cz I checked that out.,General,Positive,5,ORIGINAL_TEXT_UNVERIFIED_SOURCE,ORIGINAL_LABEL_UNVERIFIED,Original clause and label retained without provenance verification.
ORIG-0233,The pub feels start as soon as a glance falls on the building with colorful lights.,General,Positive,3,ORIGINAL_TEXT_UNVERIFIED_SOURCE,modified,"Reclassified from Neutral to Positive: Vibe praise (""pub feels start as soon as a glance falls on the building with colorful lights"")"
ORIG-0060,The colours of the rice was perfectly blended as it reflected the Typical Hyderabadi style.,General,Negative,4,ORIGINAL_TEXT_UNVERIFIED_SOURCE,ORIGINAL_LABEL_UNVERIFIED,Original clause and label retained without provenance verification.
ORIG-0193,And the food was okay.,Food,Neutral,3,ORIGINAL_TEXT_UNVERIFIED_SOURCE,ORIGINAL_LABEL_UNVERIFIED,Original clause and label retained without provenance verification.
SYN-0067,The walls were painted in two colors.,Ambience,Neutral,3,SYNTHETIC_COMMON_SENSE_NOT_REAL,SYNTHETIC_LABEL_MODEL_PROPOSED,Synthetic common-sense clause added for class coverage; not a real review and not independently adjudicated.
ORIG-0384,"It contained lettuce, lettuce and more lettuce.",General,Negative,2,ORIGINAL_TEXT_UNVERIFIED_SOURCE,ORIGINAL_LABEL_UNVERIFIED,Original clause and label retained without provenance verification.
ORIG-0362,"Both of times it was fun, service was quick and staff was courteous, full points for that.",Service,Positive,4,ORIGINAL_TEXT_UNVERIFIED_SOURCE,ORIGINAL_LABEL_UNVERIFIED,Original clause and label retained without provenance verification.
ORIG-0301,Had visited for lunch buffet.,General,Negative,2,ORIGINAL_TEXT_UNVERIFIED_SOURCE,ORIGINAL_LABEL_UNVERIFIED,Original clause and label retained without provenance verification.
ORIG-0310,Not sure how Behrouz expected us to consume the box full of rice with a small piece of mutton.,General,Negative,1,ORIGINAL_TEXT_UNVERIFIED_SOURCE,ORIGINAL_LABEL_UNVERIFIED,Original clause and label retained without provenance verification.
SYN-0120,The restaurant offered a set menu for groups.,Price,Neutral,3,SYNTHETIC_COMMON_SENSE_NOT_REAL,SYNTHETIC_LABEL_MODEL_PROPOSED,Synthetic common-sense clause added for class coverage; not a real review and not independently adjudicated.
ORIG-0219,I was pretty excited about going to this place,General,Negative,2,ORIGINAL_TEXT_UNVERIFIED_SOURCE,ORIGINAL_LABEL_UNVERIFIED,Original clause and label retained without provenance verification.
ORIG-0344,A 5+ service with 5+ food taste!,Service,Positive,5,ORIGINAL_TEXT_UNVERIFIED_SOURCE,ORIGINAL_LABEL_UNVERIFIED,Original clause and label retained without provenance verification.
ORIG-0124,My guest just kept asking for more and more and Lime staff kept serving them without any fuss!,Service,Positive,5,ORIGINAL_TEXT_UNVERIFIED_SOURCE,ORIGINAL_LABEL_UNVERIFIED,Original clause and label retained without provenance verification.
ORIG-0368,A worst experience an awfull taste and they call walnuts as almond,Food,Negative,1,ORIGINAL_TEXT_UNVERIFIED_SOURCE,ORIGINAL_LABEL_UNVERIFIED,Original clause and label retained without provenance verification.
ORIG-0370,The place is a definitely a crowd puller,General,Negative,1,ORIGINAL_TEXT_UNVERIFIED_SOURCE,ORIGINAL_LABEL_UNVERIFIED,Original clause and label retained without provenance verification.
SYN-0002,Water was brought to the table before the meal arrived.,Service,Neutral,3,SYNTHETIC_COMMON_SENSE_NOT_REAL,SYNTHETIC_LABEL_MODEL_PROPOSED,Synthetic common-sense clause added for class coverage; not a real review and not independently adjudicated.
ORIG-0243,I have ordered few times for luch and I liked it.,General,Positive,5,ORIGINAL_TEXT_UNVERIFIED_SOURCE,ORIGINAL_LABEL_UNVERIFIED,Original clause and label retained without provenance verification.
ORIG-0479,Also I wanted to book my table beforehand.,General,Negative,1,ORIGINAL_TEXT_UNVERIFIED_SOURCE,ORIGINAL_LABEL_UNVERIFIED,Original clause and label retained without provenance verification.
ORIG-0246,Today had a team lunch at 3B's and it was a horrible experience.,General,Negative,1,ORIGINAL_TEXT_UNVERIFIED_SOURCE,ORIGINAL_LABEL_UNVERIFIED,Original clause and label retained without provenance verification.
ORIG-0082,Parking issues and limited indoor seating when its too hot to grab a seat outside.,Ambience,Negative,3,ORIGINAL_TEXT_UNVERIFIED_SOURCE,modified,Reclassified from Neutral to Negative: Parking issues and cramped/hot seating conditions
ORIG-0153,*lemonade : this was minty and cool .,General,Positive,4,ORIGINAL_TEXT_UNVERIFIED_SOURCE,ORIGINAL_LABEL_UNVERIFIED,Original clause and label retained without provenance verification.
ORIG-0054,At first it was tasteless,Food,Negative,3,ORIGINAL_TEXT_UNVERIFIED_SOURCE,modified,"Reclassified from Neutral to Negative: Culinary complaint (""tasteless"")"
ORIG-0056,This place is totally wonderful.,General,Positive,5,ORIGINAL_TEXT_UNVERIFIED_SOURCE,ORIGINAL_LABEL_UNVERIFIED,Original clause and label retained without provenance verification.
SYN-0031,A staff member directed us to the washroom.,Service,Neutral,3,SYNTHETIC_COMMON_SENSE_NOT_REAL,SYNTHETIC_LABEL_MODEL_PROPOSED,Synthetic common-sense clause added for class coverage; not a real review and not independently adjudicated.
ORIG-0165,Prawns and Fish items are not so much tasty !,Food,Negative,3,ORIGINAL_TEXT_UNVERIFIED_SOURCE,MODEL_ASSISTED_CORRECTION_UNVERIFIED,aspect corrected from General to Food; sentiment corrected from Positive to Negative
ORIG-0100,Can't wait to visit again.,Service,Positive,5,ORIGINAL_TEXT_UNVERIFIED_SOURCE,ORIGINAL_LABEL_UNVERIFIED,Original clause and label retained without provenance verification.
ORIG-0188,hope u understand DAN we got a table after a calll so cheap f these managers there.,Service,Negative,1,ORIGINAL_TEXT_UNVERIFIED_SOURCE,ORIGINAL_LABEL_UNVERIFIED,Original clause and label retained without provenance verification.
SYN-0055,The room had framed pictures on the walls.,Ambience,Neutral,3,SYNTHETIC_COMMON_SENSE_NOT_REAL,SYNTHETIC_LABEL_MODEL_PROPOSED,Synthetic common-sense clause added for class coverage; not a real review and not independently adjudicated.
ORIG-0405,Service is good as the place is not so crowded at the time we went.,Service,Positive,2,ORIGINAL_TEXT_UNVERIFIED_SOURCE,ORIGINAL_LABEL_UNVERIFIED,Original clause and label retained without provenance verification.
SYN-0012,The bill included the items we ordered.,Service,Neutral,3,SYNTHETIC_COMMON_SENSE_NOT_REAL,SYNTHETIC_LABEL_MODEL_PROPOSED,Synthetic common-sense clause added for class coverage; not a real review and not independently adjudicated.
ORIG-0071,Would definitely visit again.,General,Positive,4,ORIGINAL_TEXT_UNVERIFIED_SOURCE,ORIGINAL_LABEL_UNVERIFIED,Original clause and label retained without provenance verification.
ORIG-0343,Kindly find the attachment.,General,Negative,2,ORIGINAL_TEXT_UNVERIFIED_SOURCE,ORIGINAL_LABEL_UNVERIFIED,Original clause and label retained without provenance verification.
ORIG-0208,Love to come back again.,General,Positive,5,ORIGINAL_TEXT_UNVERIFIED_SOURCE,ORIGINAL_LABEL_UNVERIFIED,Original clause and label retained without provenance verification.
ORIG-0381,"Ordered only ginger tea, Irani tea, osmania biscuits",General,Negative,2,ORIGINAL_TEXT_UNVERIFIED_SOURCE,ORIGINAL_LABEL_UNVERIFIED,Original clause and label retained without provenance verification.
SYN-0035,The restaurant sent an order confirmation message.,Service,Neutral,3,SYNTHETIC_COMMON_SENSE_NOT_REAL,SYNTHETIC_LABEL_MODEL_PROPOSED,Synthetic common-sense clause added for class coverage; not a real review and not independently adjudicated.
ORIG-0196,Momos here are really tasty and especially the steamed momos are steamed properly with a thin outer layer.,Food,Positive,4,ORIGINAL_TEXT_UNVERIFIED_SOURCE,MODEL_ASSISTED_CORRECTION_UNVERIFIED,aspect corrected from General to Food
ORIG-0200,The main course had a terrible array of dishes.,Food,Negative,2,ORIGINAL_TEXT_UNVERIFIED_SOURCE,ORIGINAL_LABEL_UNVERIFIED,Original clause and label retained without provenance verification.
ORIG-0244,"It had Kuttu Aata parathas, Paneer curry, Sabudana vada, and Sabudana Kheer.",Food,Negative,2,ORIGINAL_TEXT_UNVERIFIED_SOURCE,ORIGINAL_LABEL_UNVERIFIED,Original clause and label retained without provenance verification.
ORIG-0448,Tandoori items tasted good.,Food,Positive,3,ORIGINAL_TEXT_UNVERIFIED_SOURCE,ORIGINAL_LABEL_UNVERIFIED,Original clause and label retained without provenance verification.
ORIG-0160,as we went on weekday could not see that,General,Negative,2,ORIGINAL_TEXT_UNVERIFIED_SOURCE,ORIGINAL_LABEL_UNVERIFIED,Original clause and label retained without provenance verification.
ORIG-0126,The taste of those leaves were kind of predominant at times.,Food,Positive,5,ORIGINAL_TEXT_UNVERIFIED_SOURCE,ORIGINAL_LABEL_UNVERIFIED,Original clause and label retained without provenance verification.
ORIG-0194,The quality of cheese in pizza can be slightly better I feel.,General,Negative,3,ORIGINAL_TEXT_UNVERIFIED_SOURCE,modified,"Reclassified from Neutral to Negative: Ingredient quality critique (""cheese in pizza can be slightly better"")"
ORIG-0008,We asked for mustard and denied.,General,Negative,2,ORIGINAL_TEXT_UNVERIFIED_SOURCE,ORIGINAL_LABEL_UNVERIFIED,Original clause and label retained without provenance verification.
ORIG-0184,What this place lacks is in service.,Service,Negative,3,ORIGINAL_TEXT_UNVERIFIED_SOURCE,modified,"Reclassified from Neutral to Negative: Explicit service critique (""What this place lacks is in service"")"
ORIG-0399,Coming to the worst part - the service.,Service,Negative,3,ORIGINAL_TEXT_UNVERIFIED_SOURCE,ORIGINAL_LABEL_UNVERIFIED,Original clause and label retained without provenance verification.
ORIG-0490,the quality was average.,General,Neutral,3,ORIGINAL_TEXT_UNVERIFIED_SOURCE,ORIGINAL_LABEL_UNVERIFIED,Original clause and label retained without provenance verification.
ORIG-0333,"If you're are party freak, you would like to be inside",General,Positive,5,ORIGINAL_TEXT_UNVERIFIED_SOURCE,ORIGINAL_LABEL_UNVERIFIED,Original clause and label retained without provenance verification.
ORIG-0232,Ajay’s guest interaction and serving the food within time appreciable and food is delicious,Food,Positive,4,ORIGINAL_TEXT_UNVERIFIED_SOURCE,ORIGINAL_LABEL_UNVERIFIED,Original clause and label retained without provenance verification.
SYN-0149,The staff replaced the incorrect dish immediately.,Service,Positive,4,SYNTHETIC_COMMON_SENSE_NOT_REAL,SYNTHETIC_LABEL_MODEL_PROPOSED,Synthetic common-sense clause added for class coverage; not a real review and not independently adjudicated.
ORIG-0037,Spending 150+ on something like this is utter waste.,General,Negative,1,ORIGINAL_TEXT_UNVERIFIED_SOURCE,ORIGINAL_LABEL_UNVERIFIED,Original clause and label retained without provenance verification.
ORIG-0277,Visited this place for an office party that was organised.,General,Neutral,3,ORIGINAL_TEXT_UNVERIFIED_SOURCE,ORIGINAL_LABEL_UNVERIFIED,Original clause and label retained without provenance verification.
ORIG-0305,The main attraction would always be the awesome interiors which this place offers.,Ambience,Positive,4,ORIGINAL_TEXT_UNVERIFIED_SOURCE,ORIGINAL_LABEL_UNVERIFIED,Original clause and label retained without provenance verification.
ORIG-0434,So you have to get more improve deliver food on the table and not letting them wait for so long.,Service,Negative,5,ORIGINAL_TEXT_UNVERIFIED_SOURCE,MODEL_ASSISTED_CORRECTION_UNVERIFIED,sentiment corrected from Positive to Negative
SYN-0105,The menu had a separate price for extra toppings.,Price,Neutral,3,SYNTHETIC_COMMON_SENSE_NOT_REAL,SYNTHETIC_LABEL_MODEL_PROPOSED,Synthetic common-sense clause added for class coverage; not a real review and not independently adjudicated.
ORIG-0156,"Even after informing the management about the taste, they were asking if salt or spice is more",Food,Negative,1,ORIGINAL_TEXT_UNVERIFIED_SOURCE,ORIGINAL_LABEL_UNVERIFIED,Original clause and label retained without provenance verification.
ORIG-0269,"Been here two times, once at the rooftop and once inside.",General,Positive,4,ORIGINAL_TEXT_UNVERIFIED_SOURCE,ORIGINAL_LABEL_UNVERIFIED,Original clause and label retained without provenance verification.
ORIG-0057,Not a good experience at all!,General,Negative,2,ORIGINAL_TEXT_UNVERIFIED_SOURCE,MODEL_ASSISTED_CORRECTION_UNVERIFIED,sentiment corrected from Positive to Negative
ORIG-0107,We wonder how you people manage all good food with good service.,Service,Positive,5,ORIGINAL_TEXT_UNVERIFIED_SOURCE,ORIGINAL_LABEL_UNVERIFIED,Original clause and label retained without provenance verification.
SYN-0104,The weekday lunch price differed from the dinner price.,Price,Neutral,3,SYNTHETIC_COMMON_SENSE_NOT_REAL,SYNTHETIC_LABEL_MODEL_PROPOSED,Synthetic common-sense clause added for class coverage; not a real review and not independently adjudicated.
ORIG-0380,The variety was less.,General,Negative,2,ORIGINAL_TEXT_UNVERIFIED_SOURCE,ORIGINAL_LABEL_UNVERIFIED,Original clause and label retained without provenance verification.
ORIG-0048,u r not mainted proper quaility.,General,Negative,1,ORIGINAL_TEXT_UNVERIFIED_SOURCE,ORIGINAL_LABEL_UNVERIFIED,Original clause and label retained without provenance verification.
ORIG-0134,"The drinks I liked where Virgin Mojito, Lust and Gluttony.",Food,Positive,5,ORIGINAL_TEXT_UNVERIFIED_SOURCE,MODEL_ASSISTED_CORRECTION_UNVERIFIED,aspect corrected from General to Food
ORIG-0032,Will definitely try their other offerings.,General,Positive,4,ORIGINAL_TEXT_UNVERIFIED_SOURCE,ORIGINAL_LABEL_UNVERIFIED,Original clause and label retained without provenance verification.
ORIG-0410,"we are asking to the manager he said that it was ghee,no proper response from them.",Service,Negative,1,ORIGINAL_TEXT_UNVERIFIED_SOURCE,ORIGINAL_LABEL_UNVERIFIED,Original clause and label retained without provenance verification.
ORIG-0139,A little more organized would be good.,General,Positive,3,ORIGINAL_TEXT_UNVERIFIED_SOURCE,ORIGINAL_LABEL_UNVERIFIED,Original clause and label retained without provenance verification.
ORIG-0264,the food quality is okay.,Food,Neutral,3,ORIGINAL_TEXT_UNVERIFIED_SOURCE,ORIGINAL_LABEL_UNVERIFIED,Original clause and label retained without provenance verification.
ORIG-0328,Visited this place a week ago with my foodie friends!,Food,Positive,5,ORIGINAL_TEXT_UNVERIFIED_SOURCE,ORIGINAL_LABEL_UNVERIFIED,Original clause and label retained without provenance verification.
SYN-0041,A staff member explained the buffet timing.,Service,Neutral,3,SYNTHETIC_COMMON_SENSE_NOT_REAL,SYNTHETIC_LABEL_MODEL_PROPOSED,Synthetic common-sense clause added for class coverage; not a real review and not independently adjudicated.
ORIG-0131,Had been there for lunch on a Friday afternoon.,General,Positive,4,ORIGINAL_TEXT_UNVERIFIED_SOURCE,ORIGINAL_LABEL_UNVERIFIED,Original clause and label retained without provenance verification.
ORIG-0485,rlRestaurant had a decent ambience,Ambience,Positive,3,ORIGINAL_TEXT_UNVERIFIED_SOURCE,modified,"Reclassified from Neutral to Positive: Ambience praise (""Restaurant had a decent ambience"")"
ORIG-0337,Had to ask for every little thing.,General,Negative,2,ORIGINAL_TEXT_UNVERIFIED_SOURCE,ORIGINAL_LABEL_UNVERIFIED,Original clause and label retained without provenance verification.
SYN-0052,The restaurant had a separate waiting area.,Ambience,Neutral,3,SYNTHETIC_COMMON_SENSE_NOT_REAL,SYNTHETIC_LABEL_MODEL_PROPOSED,Synthetic common-sense clause added for class coverage; not a real review and not independently adjudicated.
SYN-0018,We placed the order with the staff at the table.,Service,Neutral,3,SYNTHETIC_COMMON_SENSE_NOT_REAL,SYNTHETIC_LABEL_MODEL_PROPOSED,Synthetic common-sense clause added for class coverage; not a real review and not independently adjudicated.
ORIG-0272,"The paneer was very softly cooked and absorbed the flavors of the spices, and the gravy too was amazing.",Food,Positive,4,ORIGINAL_TEXT_UNVERIFIED_SOURCE,MODEL_ASSISTED_CORRECTION_UNVERIFIED,aspect corrected from General to Food
ORIG-0484,Dont deliver from here.,General,Negative,1,ORIGINAL_TEXT_UNVERIFIED_SOURCE,ORIGINAL_LABEL_UNVERIFIED,Original clause and label retained without provenance verification.
SYN-0108,The menu included a price range for the seafood dishes.,Price,Neutral,3,SYNTHETIC_COMMON_SENSE_NOT_REAL,SYNTHETIC_LABEL_MODEL_PROPOSED,Synthetic common-sense clause added for class coverage; not a real review and not independently adjudicated.
ORIG-0300,I went very late to this place.,General,Positive,4,ORIGINAL_TEXT_UNVERIFIED_SOURCE,ORIGINAL_LABEL_UNVERIFIED,Original clause and label retained without provenance verification.
ORIG-0068,the pizza was cold,General,Negative,1,ORIGINAL_TEXT_UNVERIFIED_SOURCE,ORIGINAL_LABEL_UNVERIFIED,Original clause and label retained without provenance verification.
SYN-0145,The portion size did not justify the price charged.,Price,Negative,2,SYNTHETIC_COMMON_SENSE_NOT_REAL,SYNTHETIC_LABEL_MODEL_PROPOSED,Synthetic common-sense clause added for class coverage; not a real review and not independently adjudicated.
ORIG-0402,the presentation was good.,General,Positive,3,ORIGINAL_TEXT_UNVERIFIED_SOURCE,ORIGINAL_LABEL_UNVERIFIED,Original clause and label retained without provenance verification.
ORIG-0102,Staff is courteous and prompt.,Service,Positive,5,ORIGINAL_TEXT_UNVERIFIED_SOURCE,ORIGINAL_LABEL_UNVERIFIED,Original clause and label retained without provenance verification.
SYN-0142,The air conditioning was not working in the seating area.,Ambience,Negative,2,SYNTHETIC_COMMON_SENSE_NOT_REAL,SYNTHETIC_LABEL_MODEL_PROPOSED,Synthetic common-sense clause added for class coverage; not a real review and not independently adjudicated.
SYN-0061,The tables were placed close to one another.,Ambience,Negative,3,SYNTHETIC_COMMON_SENSE_NOT_REAL,modified,"Reclassified from Neutral to Negative: Cramped seating environment (""tables were placed close to one another"")"
ORIG-0089,Food was just awesome.,Food,Positive,4,ORIGINAL_TEXT_UNVERIFIED_SOURCE,ORIGINAL_LABEL_UNVERIFIED,Original clause and label retained without provenance verification.
ORIG-0116,when ever I visit I choose Gachibowli yum yum tree only ☺️,General,Positive,5,ORIGINAL_TEXT_UNVERIFIED_SOURCE,ORIGINAL_LABEL_UNVERIFIED,Original clause and label retained without provenance verification.
ORIG-0363,The lemon coriander soup was quite normal with dense eggy smell.,General,Negative,3,ORIGINAL_TEXT_UNVERIFIED_SOURCE,modified,"Reclassified from Neutral to Negative: Aroma/taste complaint (""dense eggy smell"")"
ORIG-0325,The food too was not fresh and was stale and was smelling.,Food,Negative,1,ORIGINAL_TEXT_UNVERIFIED_SOURCE,ORIGINAL_LABEL_UNVERIFIED,Original clause and label retained without provenance verification.
ORIG-0235,"Personally, i've never experienced such delay.",Service,Negative,5,ORIGINAL_TEXT_UNVERIFIED_SOURCE,MODEL_ASSISTED_CORRECTION_UNVERIFIED,sentiment corrected from Positive to Negative
ORIG-0268,No restaurant denied me that discount before.,General,Negative,1,ORIGINAL_TEXT_UNVERIFIED_SOURCE,ORIGINAL_LABEL_UNVERIFIED,Original clause and label retained without provenance verification.
ORIG-0433,Couldn't even finish it !,General,Negative,2,ORIGINAL_TEXT_UNVERIFIED_SOURCE,ORIGINAL_LABEL_UNVERIFIED,Original clause and label retained without provenance verification.
ORIG-0257,"Taste was ok,not that great.",Food,Negative,3,ORIGINAL_TEXT_UNVERIFIED_SOURCE,modified,"Reclassified from Neutral to Negative: Taste critique (""Taste was ok,not that great"")"
ORIG-0245,(On a lighter note the person who was drinking from the glass has not got any spider man capabilities) .,General,Negative,1,ORIGINAL_TEXT_UNVERIFIED_SOURCE,ORIGINAL_LABEL_UNVERIFIED,Original clause and label retained without provenance verification.
ORIG-0073,Feels like not in the City anymore.,General,Positive,3,ORIGINAL_TEXT_UNVERIFIED_SOURCE,modified,"Reclassified from Neutral to Positive: Ambience praise (""Feels like not in the City anymore"")"
SYN-0129,The restaurant provided a price list for party orders.,Price,Neutral,3,SYNTHETIC_COMMON_SENSE_NOT_REAL,SYNTHETIC_LABEL_MODEL_PROPOSED,Synthetic common-sense clause added for class coverage; not a real review and not independently adjudicated.
ORIG-0454,Visited this place for event hilight tribe booked a VIP pass entry .,General,Negative,1,ORIGINAL_TEXT_UNVERIFIED_SOURCE,ORIGINAL_LABEL_UNVERIFIED,Original clause and label retained without provenance verification.
ORIG-0209,I asked person attending us to start the main course at 8.,General,Negative,2,ORIGINAL_TEXT_UNVERIFIED_SOURCE,ORIGINAL_LABEL_UNVERIFIED,Original clause and label retained without provenance verification.
ORIG-0334,"Awesome and wonderful place, I had ordered frequently from this place and visited this place a lot times.",General,Positive,5,ORIGINAL_TEXT_UNVERIFIED_SOURCE,ORIGINAL_LABEL_UNVERIFIED,Original clause and label retained without provenance verification.
ORIG-0424,The tables were wiped,General,Negative,1,ORIGINAL_TEXT_UNVERIFIED_SOURCE,ORIGINAL_LABEL_UNVERIFIED,Original clause and label retained without provenance verification.
SYN-0049,The dining room used warm ceiling lights.,Ambience,Positive,3,SYNTHETIC_COMMON_SENSE_NOT_REAL,modified,"Reclassified from Neutral to Positive: Pleasant ambient lighting (""dining room used warm ceiling lights"")"
ORIG-0161,Overall combos are good and Thali's too are nice option to go for.,General,Positive,3,ORIGINAL_TEXT_UNVERIFIED_SOURCE,ORIGINAL_LABEL_UNVERIFIED,Original clause and label retained without provenance verification.
ORIG-0304,I do not recommend this restaurant.,General,Negative,1,ORIGINAL_TEXT_UNVERIFIED_SOURCE,ORIGINAL_LABEL_UNVERIFIED,Original clause and label retained without provenance verification.
SYN-0056,The restaurant used wooden tables and chairs.,Ambience,Neutral,3,SYNTHETIC_COMMON_SENSE_NOT_REAL,SYNTHETIC_LABEL_MODEL_PROPOSED,Synthetic common-sense clause added for class coverage; not a real review and not independently adjudicated.
ORIG-0207,I've tasted many flavours from the menu.,Food,Positive,4,ORIGINAL_TEXT_UNVERIFIED_SOURCE,ORIGINAL_LABEL_UNVERIFIED,Original clause and label retained without provenance verification.
ORIG-0352,"I ordered hazelnut coffee, paneer kulcha and my friend ordered some dry fruits crispy sweet croissant along with coffee.",General,Positive,4,ORIGINAL_TEXT_UNVERIFIED_SOURCE,ORIGINAL_LABEL_UNVERIFIED,Original clause and label retained without provenance verification.
ORIG-0439,Pesto rice with chicken stroganoff (5/5) the flavored rice was really tasty,Food,Positive,5,ORIGINAL_TEXT_UNVERIFIED_SOURCE,ORIGINAL_LABEL_UNVERIFIED,Original clause and label retained without provenance verification.
ORIG-0432,Drinks were of bad quality.,General,Negative,1,ORIGINAL_TEXT_UNVERIFIED_SOURCE,ORIGINAL_LABEL_UNVERIFIED,Original clause and label retained without provenance verification.
ORIG-0009,We rushed to the hospital,General,Negative,1,ORIGINAL_TEXT_UNVERIFIED_SOURCE,ORIGINAL_LABEL_UNVERIFIED,Original clause and label retained without provenance verification.
ORIG-0248,Food is tasty and right sized portions!,Food,Positive,4,ORIGINAL_TEXT_UNVERIFIED_SOURCE,ORIGINAL_LABEL_UNVERIFIED,Original clause and label retained without provenance verification.
SYN-0139,The staff did not respond when we asked for the bill.,Service,Negative,2,SYNTHETIC_COMMON_SENSE_NOT_REAL,SYNTHETIC_LABEL_MODEL_PROPOSED,Synthetic common-sense clause added for class coverage; not a real review and not independently adjudicated.
ORIG-0293,I visited the place last week.,General,Negative,2,ORIGINAL_TEXT_UNVERIFIED_SOURCE,ORIGINAL_LABEL_UNVERIFIED,Original clause and label retained without provenance verification.
ORIG-0203,"All in all, I will not visit this restaurant again and a do not recommend it to anyone.",General,Negative,2,ORIGINAL_TEXT_UNVERIFIED_SOURCE,ORIGINAL_LABEL_UNVERIFIED,Original clause and label retained without provenance verification.
ORIG-0414,The air conditioning was not working.,General,Negative,2,ORIGINAL_TEXT_UNVERIFIED_SOURCE,ORIGINAL_LABEL_UNVERIFIED,Original clause and label retained without provenance verification.
ORIG-0382,Next we were served with chicken nuggets and chicken popcorn.,Food,Positive,4,ORIGINAL_TEXT_UNVERIFIED_SOURCE,ORIGINAL_LABEL_UNVERIFIED,Original clause and label retained without provenance verification.
ORIG-0327,Sit at the roof top and enjoy nicenbreezy air and feel of Goa,General,Positive,5,ORIGINAL_TEXT_UNVERIFIED_SOURCE,ORIGINAL_LABEL_UNVERIFIED,Original clause and label retained without provenance verification.
ORIG-0018,here was really difficult to have a conversation.,General,Negative,3,ORIGINAL_TEXT_UNVERIFIED_SOURCE,modified,Reclassified from Neutral to Negative: Frustrating noise level making conversation difficult
ORIG-0286,Vrigin mojito ( 5/5),General,Positive,5,ORIGINAL_TEXT_UNVERIFIED_SOURCE,ORIGINAL_LABEL_UNVERIFIED,Original clause and label retained without provenance verification.
ORIG-0114,With tummies full we ordered Blue Mojito and it too scored as expected.,General,Positive,4,ORIGINAL_TEXT_UNVERIFIED_SOURCE,ORIGINAL_LABEL_UNVERIFIED,Original clause and label retained without provenance verification.
ORIG-0250,Its very much pocket friendly .,General,Positive,4,ORIGINAL_TEXT_UNVERIFIED_SOURCE,ORIGINAL_LABEL_UNVERIFIED,Original clause and label retained without provenance verification.
ORIG-0445,"Even if we ignore prices , taste and services are worst that I have encountered in any Zomato Gold restaurant.",Service,Negative,1,ORIGINAL_TEXT_UNVERIFIED_SOURCE,ORIGINAL_LABEL_UNVERIFIED,Original clause and label retained without provenance verification.
ORIG-0262,One waiter passes the message to another and the other one doesn’t care!,Service,Negative,1,ORIGINAL_TEXT_UNVERIFIED_SOURCE,ORIGINAL_LABEL_UNVERIFIED,Original clause and label retained without provenance verification.
ORIG-0051,Fresh chicken and perfect blend of all sauces and seasonings.,Food,Positive,4,ORIGINAL_TEXT_UNVERIFIED_SOURCE,ORIGINAL_LABEL_UNVERIFIED,Original clause and label retained without provenance verification.
ORIG-0309,The rain today made it even better.,General,Negative,2,ORIGINAL_TEXT_UNVERIFIED_SOURCE,ORIGINAL_LABEL_UNVERIFIED,Original clause and label retained without provenance verification.
SYN-0066,The seating near the window filled up first.,Ambience,Neutral,3,SYNTHETIC_COMMON_SENSE_NOT_REAL,SYNTHETIC_LABEL_MODEL_PROPOSED,Synthetic common-sense clause added for class coverage; not a real review and not independently adjudicated.
SYN-0119,The lunch special had a different price on weekends.,Price,Neutral,3,SYNTHETIC_COMMON_SENSE_NOT_REAL,SYNTHETIC_LABEL_MODEL_PROPOSED,Synthetic common-sense clause added for class coverage; not a real review and not independently adjudicated.
ORIG-0419,To make a long story short.,General,Negative,1,ORIGINAL_TEXT_UNVERIFIED_SOURCE,ORIGINAL_LABEL_UNVERIFIED,Original clause and label retained without provenance verification.
ORIG-0319,Worst ever litti choka i had.,General,Negative,1,ORIGINAL_TEXT_UNVERIFIED_SOURCE,ORIGINAL_LABEL_UNVERIFIED,Original clause and label retained without provenance verification.
SYN-0137,The server brought the wrong dish and did not correct it promptly.,Service,Negative,2,SYNTHETIC_COMMON_SENSE_NOT_REAL,SYNTHETIC_LABEL_MODEL_PROPOSED,Synthetic common-sense clause added for class coverage; not a real review and not independently adjudicated.
ORIG-0322,There's open terrace too.,General,Positive,4,ORIGINAL_TEXT_UNVERIFIED_SOURCE,ORIGINAL_LABEL_UNVERIFIED,Original clause and label retained without provenance verification.
SYN-0072,The restaurant used high stools near the counter.,Ambience,Neutral,3,SYNTHETIC_COMMON_SENSE_NOT_REAL,SYNTHETIC_LABEL_MODEL_PROPOSED,Synthetic common-sense clause added for class coverage; not a real review and not independently adjudicated.
ORIG-0369,"Biryani was bad, it was burned.",Food,Negative,3,ORIGINAL_TEXT_UNVERIFIED_SOURCE,ORIGINAL_LABEL_UNVERIFIED,Original clause and label retained without provenance verification.
SYN-0098,The buffet price was listed near the entrance.,Price,Neutral,3,SYNTHETIC_COMMON_SENSE_NOT_REAL,SYNTHETIC_LABEL_MODEL_PROPOSED,Synthetic common-sense clause added for class coverage; not a real review and not independently adjudicated.
SYN-0004,We asked for the bill after finishing our meal.,Service,Neutral,3,SYNTHETIC_COMMON_SENSE_NOT_REAL,SYNTHETIC_LABEL_MODEL_PROPOSED,Synthetic common-sense clause added for class coverage; not a real review and not independently adjudicated.
ORIG-0253,"The drinks were good, the food was mediocre, the service was pathetic.",Service,Negative,3,ORIGINAL_TEXT_UNVERIFIED_SOURCE,MODEL_ASSISTED_CORRECTION_UNVERIFIED,sentiment corrected from Positive to Negative
ORIG-0252,fit seems to be not bothered.,General,Negative,1,ORIGINAL_TEXT_UNVERIFIED_SOURCE,ORIGINAL_LABEL_UNVERIFIED,Original clause and label retained without provenance verification.
ORIG-0024,I suggested it to my friends they also loved it.,General,Positive,4,ORIGINAL_TEXT_UNVERIFIED_SOURCE,ORIGINAL_LABEL_UNVERIFIED,Original clause and label retained without provenance verification.
ORIG-0284,"Been here for lunch on holiday,even",General,Negative,2,ORIGINAL_TEXT_UNVERIFIED_SOURCE,ORIGINAL_LABEL_UNVERIFIED,Original clause and label retained without provenance verification.
ORIG-0441,Food taste was Ok,Food,Neutral,3,ORIGINAL_TEXT_UNVERIFIED_SOURCE,ORIGINAL_LABEL_UNVERIFIED,Original clause and label retained without provenance verification.
ORIG-0265,"The momos are also good , huge and filling.",General,Positive,4,ORIGINAL_TEXT_UNVERIFIED_SOURCE,ORIGINAL_LABEL_UNVERIFIED,Original clause and label retained without provenance verification.
ORIG-0083,The butter naan was alright,General,Negative,2,ORIGINAL_TEXT_UNVERIFIED_SOURCE,ORIGINAL_LABEL_UNVERIFIED,Original clause and label retained without provenance verification.
ORIG-0059,Will never visit again.,General,Negative,1,ORIGINAL_TEXT_UNVERIFIED_SOURCE,ORIGINAL_LABEL_UNVERIFIED,Original clause and label retained without provenance verification.
ORIG-0431,"For main course we ordered Veg Hakka Noodles, which was again prepared well and the noodles too were quite light.",General,Positive,4,ORIGINAL_TEXT_UNVERIFIED_SOURCE,ORIGINAL_LABEL_UNVERIFIED,Original clause and label retained without provenance verification.
ORIG-0023,Try 10D or the lal street instead (in the same building).,General,Negative,1,ORIGINAL_TEXT_UNVERIFIED_SOURCE,ORIGINAL_LABEL_UNVERIFIED,Original clause and label retained without provenance verification.
SYN-0023,The waiter checked the table number before serving the food.,Service,Neutral,3,SYNTHETIC_COMMON_SENSE_NOT_REAL,SYNTHETIC_LABEL_MODEL_PROPOSED,Synthetic common-sense clause added for class coverage; not a real review and not independently adjudicated.
ORIG-0101,It has indoor sitting available with beautiful lights and music in the background.,Ambience,Positive,3,ORIGINAL_TEXT_UNVERIFIED_SOURCE,modified,"Reclassified from Neutral to Positive: Ambience praise (""beautiful lights and music in the background"")"
ORIG-0488,Giving three stars only because of the good staff and the amazing ambiance near the pool.,Service,Positive,3,ORIGINAL_TEXT_UNVERIFIED_SOURCE,ORIGINAL_LABEL_UNVERIFIED,Original clause and label retained without provenance verification.
ORIG-0408,The empty plates were not even cleared until we went to find the guy and then ask him to clean.,Ambience,Negative,3,ORIGINAL_TEXT_UNVERIFIED_SOURCE,modified,"Reclassified from Neutral to Negative: Slow table turnaround (""empty plates were not even cleared"")"
SYN-0102,The restaurant accepted a voucher for the meal.,Price,Positive,3,SYNTHETIC_COMMON_SENSE_NOT_REAL,modified,"Reclassified from Neutral to Positive: Cost saving benefit (""restaurant accepted a voucher for the meal"")"
ORIG-0173,Hope the will keep the standard better.,General,Negative,3,ORIGINAL_TEXT_UNVERIFIED_SOURCE,modified,"Reclassified from Neutral to Negative: Substandard experience (""Hope the will keep the standard better"")"
ORIG-0198,Absoultely pocket and taste bud friendly.,Food,Positive,4,ORIGINAL_TEXT_UNVERIFIED_SOURCE,ORIGINAL_LABEL_UNVERIFIED,Original clause and label retained without provenance verification.
ORIG-0409,this is my go to place in hyderabad now,General,Negative,4,ORIGINAL_TEXT_UNVERIFIED_SOURCE,ORIGINAL_LABEL_UNVERIFIED,Original clause and label retained without provenance verification.
ORIG-0497,I tried Paneer Tikka which was very nice.,General,Positive,4,ORIGINAL_TEXT_UNVERIFIED_SOURCE,ORIGINAL_LABEL_UNVERIFIED,Original clause and label retained without provenance verification.
SYN-0093,The bill showed tax as a separate line item.,Price,Neutral,3,SYNTHETIC_COMMON_SENSE_NOT_REAL,SYNTHETIC_LABEL_MODEL_PROPOSED,Synthetic common-sense clause added for class coverage; not a real review and not independently adjudicated.
ORIG-0317,"Pepper chicken was over fried, which was giving a burnt taste.",Food,Negative,2,ORIGINAL_TEXT_UNVERIFIED_SOURCE,ORIGINAL_LABEL_UNVERIFIED,Original clause and label retained without provenance verification.
SYN-0112,The bill included a discount line for the offer.,Price,Positive,3,SYNTHETIC_COMMON_SENSE_NOT_REAL,modified,"Reclassified from Neutral to Positive: Price saving benefit (""bill included a discount line for the offer"")"
ORIG-0142,Eating it all I can say if it's ur,General,Negative,1,ORIGINAL_TEXT_UNVERIFIED_SOURCE,ORIGINAL_LABEL_UNVERIFIED,Original clause and label retained without provenance verification.
SYN-0005,The waiter noted our seating preference.,Service,Neutral,3,SYNTHETIC_COMMON_SENSE_NOT_REAL,SYNTHETIC_LABEL_MODEL_PROPOSED,Synthetic common-sense clause added for class coverage; not a real review and not independently adjudicated.
ORIG-0130,Had Manchow Soup which can be much better.,General,Negative,2,ORIGINAL_TEXT_UNVERIFIED_SOURCE,ORIGINAL_LABEL_UNVERIFIED,Original clause and label retained without provenance verification.
SYN-0089,The restaurant had an open terrace above the main floor.,Ambience,Neutral,3,SYNTHETIC_COMMON_SENSE_NOT_REAL,SYNTHETIC_LABEL_MODEL_PROPOSED,Synthetic common-sense clause added for class coverage; not a real review and not independently adjudicated.
ORIG-0358,The chicken soup was really bad.,Food,Negative,1,ORIGINAL_TEXT_UNVERIFIED_SOURCE,ORIGINAL_LABEL_UNVERIFIED,Original clause and label retained without provenance verification.
ORIG-0251,Live music was very soothing.,Ambience,Positive,4,ORIGINAL_TEXT_UNVERIFIED_SOURCE,ORIGINAL_LABEL_UNVERIFIED,Original clause and label retained without provenance verification.
ORIG-0010,If you are not comfortable seating on the rug then you can sit on table and chair.,Ambience,Positive,5,ORIGINAL_TEXT_UNVERIFIED_SOURCE,ORIGINAL_LABEL_UNVERIFIED,Original clause and label retained without provenance verification.
ORIG-0306,we have ordered Kodi roast which was average when compared to godavari royyala vepudu.,General,Negative,2,ORIGINAL_TEXT_UNVERIFIED_SOURCE,ORIGINAL_LABEL_UNVERIFIED,Original clause and label retained without provenance verification.
ORIG-0004,I was never a fan of Chinese food until I visited Chinese pavilion(Banjara hills).,Food,Positive,5,ORIGINAL_TEXT_UNVERIFIED_SOURCE,ORIGINAL_LABEL_UNVERIFIED,Original clause and label retained without provenance verification.
ORIG-0069,Paneer lababdar - 4.,General,Positive,4,ORIGINAL_TEXT_UNVERIFIED_SOURCE,ORIGINAL_LABEL_UNVERIFIED,Original clause and label retained without provenance verification.
ORIG-0186,Super service and awesome place.,Service,Positive,5,ORIGINAL_TEXT_UNVERIFIED_SOURCE,ORIGINAL_LABEL_UNVERIFIED,Original clause and label retained without provenance verification.
ORIG-0486,The ambience was okay,Ambience,Negative,2,ORIGINAL_TEXT_UNVERIFIED_SOURCE,ORIGINAL_LABEL_UNVERIFIED,Original clause and label retained without provenance verification.
ORIG-0367,one thing was there is packaging.,General,Positive,4,ORIGINAL_TEXT_UNVERIFIED_SOURCE,ORIGINAL_LABEL_UNVERIFIED,Original clause and label retained without provenance verification.
ORIG-0046,I was a bit disappointed by that.,General,Negative,3,ORIGINAL_TEXT_UNVERIFIED_SOURCE,modified,"Reclassified from Neutral to Negative: Explicit customer disappointment (""bit disappointed by that"")"
ORIG-0298,Recommended for those who are nearby DLF and wanted to try biryani and nonveg,Food,Positive,4,ORIGINAL_TEXT_UNVERIFIED_SOURCE,ORIGINAL_LABEL_UNVERIFIED,Original clause and label retained without provenance verification.
ORIG-0313,What we felt that the service was a bit slow and they were confused which haleem we actually ordered.,Service,Negative,4,ORIGINAL_TEXT_UNVERIFIED_SOURCE,ORIGINAL_LABEL_UNVERIFIED,Original clause and label retained without provenance verification.
ORIG-0040,They taste just how you get them in Delhi.,Food,Positive,4,ORIGINAL_TEXT_UNVERIFIED_SOURCE,ORIGINAL_LABEL_UNVERIFIED,Original clause and label retained without provenance verification.
ORIG-0028,Nachos and pizza are must try.,Food,Positive,5,ORIGINAL_TEXT_UNVERIFIED_SOURCE,MODEL_ASSISTED_CORRECTION_UNVERIFIED,aspect corrected from General to Food
ORIG-0162,Maximum average on quality and taste.,Food,Neutral,3,ORIGINAL_TEXT_UNVERIFIED_SOURCE,ORIGINAL_LABEL_UNVERIFIED,Original clause and label retained without provenance verification.
ORIG-0275,this birthday dinner will be cherished.,General,Positive,5,ORIGINAL_TEXT_UNVERIFIED_SOURCE,ORIGINAL_LABEL_UNVERIFIED,Original clause and label retained without provenance verification.
ORIG-0043,must try this gem of a place!,General,Positive,4,ORIGINAL_TEXT_UNVERIFIED_SOURCE,ORIGINAL_LABEL_UNVERIFIED,Original clause and label retained without provenance verification.
SYN-0124,The menu offered an add-on at a separate price.,Price,Neutral,3,SYNTHETIC_COMMON_SENSE_NOT_REAL,SYNTHETIC_LABEL_MODEL_PROPOSED,Synthetic common-sense clause added for class coverage; not a real review and not independently adjudicated.
SYN-0065,The restaurant used printed menus on the tables.,Ambience,Neutral,3,SYNTHETIC_COMMON_SENSE_NOT_REAL,SYNTHETIC_LABEL_MODEL_PROPOSED,Synthetic common-sense clause added for class coverage; not a real review and not independently adjudicated.
ORIG-0064,I wouldnt mind another try here and see if my first visit is just an exception.,General,Positive,3,ORIGINAL_TEXT_UNVERIFIED_SOURCE,modified,"Reclassified from Neutral to Positive: Repeat visit willingness (""wouldnt mind another try here"")"
ORIG-0022,Had good expectations from Kothimeera chicken,Food,Positive,2,ORIGINAL_TEXT_UNVERIFIED_SOURCE,ORIGINAL_LABEL_UNVERIFIED,Original clause and label retained without provenance verification.
ORIG-0316,Didn't have biryanis available hence had to sacrifice with steamed rice and dal.,Food,Negative,1,ORIGINAL_TEXT_UNVERIFIED_SOURCE,ORIGINAL_LABEL_UNVERIFIED,Original clause and label retained without provenance verification.
ORIG-0474,Later is when they got the hot food which no variety and disappointed good experience.,Food,Negative,1,ORIGINAL_TEXT_UNVERIFIED_SOURCE,MODEL_ASSISTED_CORRECTION_UNVERIFIED,sentiment corrected from Positive to Negative
ORIG-0406,"Coming to the buffet spread, I really loved the fresh and soothing welcome drink, probably cranberry juice it was.",Food,Positive,4,ORIGINAL_TEXT_UNVERIFIED_SOURCE,ORIGINAL_LABEL_UNVERIFIED,Original clause and label retained without provenance verification.
ORIG-0464,then decided to give it a try anyway.,General,Neutral,3,ORIGINAL_TEXT_UNVERIFIED_SOURCE,ORIGINAL_LABEL_UNVERIFIED,Original clause and label retained without provenance verification.
ORIG-0092,"by Navaratri thali you would expect kadhi, khichadi and some good options",General,Positive,3,ORIGINAL_TEXT_UNVERIFIED_SOURCE,ORIGINAL_LABEL_UNVERIFIED,Original clause and label retained without provenance verification.
SYN-0083,The restaurant used cloth napkins on the tables.,Ambience,Neutral,3,SYNTHETIC_COMMON_SENSE_NOT_REAL,SYNTHETIC_LABEL_MODEL_PROPOSED,Synthetic common-sense clause added for class coverage; not a real review and not independently adjudicated.
ORIG-0278,unfortunately we did not like anything they offered.,General,Negative,2,ORIGINAL_TEXT_UNVERIFIED_SOURCE,ORIGINAL_LABEL_UNVERIFIED,Original clause and label retained without provenance verification.
ORIG-0185,I have already wasted 25 mins time.,General,Negative,2,ORIGINAL_TEXT_UNVERIFIED_SOURCE,ORIGINAL_LABEL_UNVERIFIED,Original clause and label retained without provenance verification.
ORIG-0453,"If someone is looking for North Indian, marsala food company should be tried!",Food,Positive,4,ORIGINAL_TEXT_UNVERIFIED_SOURCE,ORIGINAL_LABEL_UNVERIFIED,Original clause and label retained without provenance verification.
ORIG-0061,Nothing out of the ordinary.,General,Neutral,4,ORIGINAL_TEXT_UNVERIFIED_SOURCE,MODEL_ASSISTED_CORRECTION_UNVERIFIED,sentiment corrected from Positive to Neutral
ORIG-0308,"overall, I was disappointed for the first time being there.",General,Negative,3,ORIGINAL_TEXT_UNVERIFIED_SOURCE,modified,"Reclassified from Neutral to Negative: Explicit disappointment (""overall, I was disappointed"")"
ORIG-0338,Guys you should taste this mango flavor.,Food,Positive,4,ORIGINAL_TEXT_UNVERIFIED_SOURCE,ORIGINAL_LABEL_UNVERIFIED,Original clause and label retained without provenance verification.
ORIG-0220,Overall would probably visit them again for the ambiance,General,Positive,3,ORIGINAL_TEXT_UNVERIFIED_SOURCE,modified,"Reclassified from Neutral to Positive: Repeat visit intention (""Overall would probably visit them again for the ambiance"")"
ORIG-0294,Not at all inpressive :/,General,Negative,3,ORIGINAL_TEXT_UNVERIFIED_SOURCE,modified,"Reclassified from Neutral to Negative: Explicit negative appraisal (""Not at all inpressive :/"")"
ORIG-0447,This is what I got after spending 550 on the buffet.,General,Negative,2,ORIGINAL_TEXT_UNVERIFIED_SOURCE,ORIGINAL_LABEL_UNVERIFIED,Original clause and label retained without provenance verification.
ORIG-0080,bettrr to avoid the radiason,General,Negative,1,ORIGINAL_TEXT_UNVERIFIED_SOURCE,ORIGINAL_LABEL_UNVERIFIED,Original clause and label retained without provenance verification.
ORIG-0307,You might see lot of positive feedbacks,General,Negative,2,ORIGINAL_TEXT_UNVERIFIED_SOURCE,ORIGINAL_LABEL_UNVERIFIED,Original clause and label retained without provenance verification.
ORIG-0175,Nothing great about the place.,General,Negative,2,ORIGINAL_TEXT_UNVERIFIED_SOURCE,MODEL_ASSISTED_CORRECTION_UNVERIFIED,sentiment corrected from Positive to Negative
SYN-0003,The staff explained which dishes were available.,Service,Neutral,3,SYNTHETIC_COMMON_SENSE_NOT_REAL,SYNTHETIC_LABEL_MODEL_PROPOSED,Synthetic common-sense clause added for class coverage; not a real review and not independently adjudicated.
ORIG-0366,To be honest it didn't live up to the great reviews and great reputation it has.,General,Negative,3,ORIGINAL_TEXT_UNVERIFIED_SOURCE,MODEL_ASSISTED_CORRECTION_UNVERIFIED,sentiment corrected from Positive to Negative
ORIG-0221,"if management can't simply think abt service, I am sure we can figure out other places to eat.",Service,Negative,2,ORIGINAL_TEXT_UNVERIFIED_SOURCE,ORIGINAL_LABEL_UNVERIFIED,Original clause and label retained without provenance verification.
ORIG-0238,It is priced at per with some of the fine dining restaurants.,Price,Negative,3,ORIGINAL_TEXT_UNVERIFIED_SOURCE,modified,"Reclassified from Neutral to Negative: Price complaint (""priced at per with some of the fine dining"")"
ORIG-0052,This place is a treat in case you are a sweet tooth.,General,Positive,4,ORIGINAL_TEXT_UNVERIFIED_SOURCE,ORIGINAL_LABEL_UNVERIFIED,Original clause and label retained without provenance verification.
ORIG-0087,I would never recommend this place.,General,Negative,2,ORIGINAL_TEXT_UNVERIFIED_SOURCE,ORIGINAL_LABEL_UNVERIFIED,Original clause and label retained without provenance verification.
ORIG-0466,Food was great .,Food,Positive,4,ORIGINAL_TEXT_UNVERIFIED_SOURCE,ORIGINAL_LABEL_UNVERIFIED,Original clause and label retained without provenance verification.
ORIG-0104,Lets start with the good part for which the two stars.,General,Positive,2,ORIGINAL_TEXT_UNVERIFIED_SOURCE,ORIGINAL_LABEL_UNVERIFIED,Original clause and label retained without provenance verification.
SYN-0048,The restaurant had indoor and outdoor seating.,Ambience,Neutral,3,SYNTHETIC_COMMON_SENSE_NOT_REAL,SYNTHETIC_LABEL_MODEL_PROPOSED,Synthetic common-sense clause added for class coverage; not a real review and not independently adjudicated.
ORIG-0276,We visited yesterday(7th Dec) as we heard a lot about this restaurant.,General,Neutral,3,ORIGINAL_TEXT_UNVERIFIED_SOURCE,ORIGINAL_LABEL_UNVERIFIED,Original clause and label retained without provenance verification.
ORIG-0377,Apart from that all good,General,Positive,4,ORIGINAL_TEXT_UNVERIFIED_SOURCE,ORIGINAL_LABEL_UNVERIFIED,Original clause and label retained without provenance verification.
SYN-0006,A staff member described the lunch specials.,Service,Neutral,3,SYNTHETIC_COMMON_SENSE_NOT_REAL,SYNTHETIC_LABEL_MODEL_PROPOSED,Synthetic common-sense clause added for class coverage; not a real review and not independently adjudicated.
SYN-0092,Drinks were priced separately from the meal combos.,Price,Neutral,3,SYNTHETIC_COMMON_SENSE_NOT_REAL,SYNTHETIC_LABEL_MODEL_PROPOSED,Synthetic common-sense clause added for class coverage; not a real review and not independently adjudicated.
ORIG-0003,Food was cold when we started our lunch.,Food,Negative,2,ORIGINAL_TEXT_UNVERIFIED_SOURCE,ORIGINAL_LABEL_UNVERIFIED,Original clause and label retained without provenance verification.
SYN-0060,The restaurant kept the lights dim in the evening.,Ambience,Neutral,3,SYNTHETIC_COMMON_SENSE_NOT_REAL,SYNTHETIC_LABEL_MODEL_PROPOSED,Synthetic common-sense clause added for class coverage; not a real review and not independently adjudicated.
ORIG-0429,very poor food and my items were missing,Food,Negative,1,ORIGINAL_TEXT_UNVERIFIED_SOURCE,ORIGINAL_LABEL_UNVERIFIED,Original clause and label retained without provenance verification.
ORIG-0067,Very good place to visit,General,Positive,5,ORIGINAL_TEXT_UNVERIFIED_SOURCE,ORIGINAL_LABEL_UNVERIFIED,Original clause and label retained without provenance verification.
ORIG-0320,I happened to stay in Hyatt Gachibowli during one of my visits to Hyderabad.,General,Negative,4,ORIGINAL_TEXT_UNVERIFIED_SOURCE,ORIGINAL_LABEL_UNVERIFIED,Original clause and label retained without provenance verification.
ORIG-0296,Asked the waiter to taste a spoon so that he will come to know the pathetic taste.,Service,Negative,1,ORIGINAL_TEXT_UNVERIFIED_SOURCE,ORIGINAL_LABEL_UNVERIFIED,Original clause and label retained without provenance verification.
ORIG-0477,i am seriously disappointed for these order.,General,Negative,1,ORIGINAL_TEXT_UNVERIFIED_SOURCE,ORIGINAL_LABEL_UNVERIFIED,Original clause and label retained without provenance verification.
ORIG-0228,Even the puffs and Victoria cake are nice to have.,General,Positive,3,ORIGINAL_TEXT_UNVERIFIED_SOURCE,ORIGINAL_LABEL_UNVERIFIED,Original clause and label retained without provenance verification.
ORIG-0460,"Briyani rice is good , over masala and very less pieces of chicken .",Food,Negative,1,ORIGINAL_TEXT_UNVERIFIED_SOURCE,MODEL_ASSISTED_CORRECTION_UNVERIFIED,sentiment corrected from Positive to Negative
ORIG-0285,"Starters menu is good, we had cheese balls and chicken started.",Food,Positive,4,ORIGINAL_TEXT_UNVERIFIED_SOURCE,ORIGINAL_LABEL_UNVERIFIED,Original clause and label retained without provenance verification.
ORIG-0297,he had put spinach in all of my dishes and that too in huge quantities.,Food,Negative,1,ORIGINAL_TEXT_UNVERIFIED_SOURCE,ORIGINAL_LABEL_UNVERIFIED,Original clause and label retained without provenance verification.
ORIG-0348,must try grilled chicken sizzler and sizzling brownie.,Food,Positive,5,ORIGINAL_TEXT_UNVERIFIED_SOURCE,ORIGINAL_LABEL_UNVERIFIED,Original clause and label retained without provenance verification.
ORIG-0489,Cons: Food variety and taste.,Food,Negative,2,ORIGINAL_TEXT_UNVERIFIED_SOURCE,ORIGINAL_LABEL_UNVERIFIED,Original clause and label retained without provenance verification.
ORIG-0216,grilled chicken tasted like boiled chicken burger.,Food,Negative,1,ORIGINAL_TEXT_UNVERIFIED_SOURCE,ORIGINAL_LABEL_UNVERIFIED,Original clause and label retained without provenance verification.
ORIG-0155,My little friends enjoyed thoroughly,General,Positive,5,ORIGINAL_TEXT_UNVERIFIED_SOURCE,ORIGINAL_LABEL_UNVERIFIED,Original clause and label retained without provenance verification.
ORIG-0217,I'm a big fan of this place and love their combos.,General,Positive,4,ORIGINAL_TEXT_UNVERIFIED_SOURCE,ORIGINAL_LABEL_UNVERIFIED,Original clause and label retained without provenance verification.
ORIG-0201,"The food , ambience , service and nevertheless the service of the host.",Service,Positive,4,ORIGINAL_TEXT_UNVERIFIED_SOURCE,ORIGINAL_LABEL_UNVERIFIED,Original clause and label retained without provenance verification.
ORIG-0157,Big name bad service.,Service,Negative,1,ORIGINAL_TEXT_UNVERIFIED_SOURCE,ORIGINAL_LABEL_UNVERIFIED,Original clause and label retained without provenance verification.
ORIG-0012,They have pretty good dining area too on the first floor.,General,Positive,3,ORIGINAL_TEXT_UNVERIFIED_SOURCE,ORIGINAL_LABEL_UNVERIFIED,Original clause and label retained without provenance verification.
ORIG-0108,"Service, i always let go even if the service is not uptothemark cause it's understandable and afterall they are human.",Service,Negative,2,ORIGINAL_TEXT_UNVERIFIED_SOURCE,ORIGINAL_LABEL_UNVERIFIED,Original clause and label retained without provenance verification.
ORIG-0415,I couldn't taste noodles as the dish was not refilled even after waiting for sometime.,Service,Negative,3,ORIGINAL_TEXT_UNVERIFIED_SOURCE,modified,"Reclassified from Neutral to Negative: Buffet service failure (""dish was not refilled even after waiting"")"
ORIG-0147,"By the time it was delivered to me, curry had splashed all over the container , even leaking from package.",Food,Negative,1,ORIGINAL_TEXT_UNVERIFIED_SOURCE,ORIGINAL_LABEL_UNVERIFIED,Original clause and label retained without provenance verification.
ORIG-0072,Overall it was okayish.,General,Negative,2,ORIGINAL_TEXT_UNVERIFIED_SOURCE,ORIGINAL_LABEL_UNVERIFIED,Original clause and label retained without provenance verification.
ORIG-0042,"only thing is, need to wait for some time to get items.",Service,Negative,4,ORIGINAL_TEXT_UNVERIFIED_SOURCE,MODEL_ASSISTED_CORRECTION_UNVERIFIED,sentiment corrected from Positive to Negative
ORIG-0085,And the manager is also helpless and rude if the costumers complaint.,Service,Negative,1,ORIGINAL_TEXT_UNVERIFIED_SOURCE,ORIGINAL_LABEL_UNVERIFIED,Original clause and label retained without provenance verification.
ORIG-0295,I have been this on last Sunday .,General,Neutral,3,ORIGINAL_TEXT_UNVERIFIED_SOURCE,ORIGINAL_LABEL_UNVERIFIED,Original clause and label retained without provenance verification.
ORIG-0336,I have throwed Biryani on,Food,Negative,1,ORIGINAL_TEXT_UNVERIFIED_SOURCE,ORIGINAL_LABEL_UNVERIFIED,Original clause and label retained without provenance verification.
ORIG-0169,most ordinary rooms with no music.,Ambience,Negative,2,ORIGINAL_TEXT_UNVERIFIED_SOURCE,ORIGINAL_LABEL_UNVERIFIED,Original clause and label retained without provenance verification.
ORIG-0373,They have more than 27 dishes with veg and non-veg options plus desserts.,Food,Positive,5,ORIGINAL_TEXT_UNVERIFIED_SOURCE,ORIGINAL_LABEL_UNVERIFIED,Original clause and label retained without provenance verification.
ORIG-0383,"they have quite a lot of quantity, which is great!",General,Positive,4,ORIGINAL_TEXT_UNVERIFIED_SOURCE,ORIGINAL_LABEL_UNVERIFIED,Original clause and label retained without provenance verification.
ORIG-0098,Place was not too much crowded .,General,Positive,5,ORIGINAL_TEXT_UNVERIFIED_SOURCE,ORIGINAL_LABEL_UNVERIFIED,Original clause and label retained without provenance verification.
ORIG-0047,definitely a must try.,General,Positive,4,ORIGINAL_TEXT_UNVERIFIED_SOURCE,ORIGINAL_LABEL_UNVERIFIED,Original clause and label retained without provenance verification.
ORIG-0099,Been to this place few days back with my friends,General,Neutral,3,ORIGINAL_TEXT_UNVERIFIED_SOURCE,ORIGINAL_LABEL_UNVERIFIED,Original clause and label retained without provenance verification.
ORIG-0119,Staff are good and friendly as well.,Service,Positive,5,ORIGINAL_TEXT_UNVERIFIED_SOURCE,ORIGINAL_LABEL_UNVERIFIED,Original clause and label retained without provenance verification.
ORIG-0413,Super food and fantastic service by Vishal.,Service,Positive,5,ORIGINAL_TEXT_UNVERIFIED_SOURCE,ORIGINAL_LABEL_UNVERIFIED,Original clause and label retained without provenance verification.
ORIG-0390,"I have had high regards for Khansaab over years, eversince they've started in GVKone.",General,Negative,1,ORIGINAL_TEXT_UNVERIFIED_SOURCE,ORIGINAL_LABEL_UNVERIFIED,Original clause and label retained without provenance verification.
ORIG-0371,Not even a single Indian item was found in the entire menu.,General,Negative,2,ORIGINAL_TEXT_UNVERIFIED_SOURCE,ORIGINAL_LABEL_UNVERIFIED,Original clause and label retained without provenance verification.
ORIG-0470,Penne Arrabiata pasta is one dish that I would recommend you all to try here.,Food,Positive,5,ORIGINAL_TEXT_UNVERIFIED_SOURCE,ORIGINAL_LABEL_UNVERIFIED,Original clause and label retained without provenance verification.
ORIG-0172,"quality, potion size, serving and taste is great .",Food,Positive,4,ORIGINAL_TEXT_UNVERIFIED_SOURCE,ORIGINAL_LABEL_UNVERIFIED,Original clause and label retained without provenance verification.
SYN-0130,The menu listed prices for both vegetarian and non-vegetarian dishes.,Price,Neutral,3,SYNTHETIC_COMMON_SENSE_NOT_REAL,SYNTHETIC_LABEL_MODEL_PROPOSED,Synthetic common-sense clause added for class coverage; not a real review and not independently adjudicated.
SYN-0019,The restaurant accepted our card payment.,Service,Neutral,3,SYNTHETIC_COMMON_SENSE_NOT_REAL,SYNTHETIC_LABEL_MODEL_PROPOSED,Synthetic common-sense clause added for class coverage; not a real review and not independently adjudicated.
ORIG-0197,This was my 2nd time here and the place still disappointed me.,General,Negative,2,ORIGINAL_TEXT_UNVERIFIED_SOURCE,ORIGINAL_LABEL_UNVERIFIED,Original clause and label retained without provenance verification.
ORIG-0154,Overall a very good experience,General,Positive,4,ORIGINAL_TEXT_UNVERIFIED_SOURCE,ORIGINAL_LABEL_UNVERIFIED,Original clause and label retained without provenance verification.
SYN-0082,The floor was tiled throughout the dining area.,Ambience,Neutral,3,SYNTHETIC_COMMON_SENSE_NOT_REAL,SYNTHETIC_LABEL_MODEL_PROPOSED,Synthetic common-sense clause added for class coverage; not a real review and not independently adjudicated.
ORIG-0204,It is seldom you see a restaurant with 4.,General,Negative,2,ORIGINAL_TEXT_UNVERIFIED_SOURCE,ORIGINAL_LABEL_UNVERIFIED,Original clause and label retained without provenance verification.
ORIG-0095,The detailed review are as follows:,General,Positive,4,ORIGINAL_TEXT_UNVERIFIED_SOURCE,ORIGINAL_LABEL_UNVERIFIED,Original clause and label retained without provenance verification.
SYN-0085,The dining room had mirrors on one wall.,Ambience,Neutral,3,SYNTHETIC_COMMON_SENSE_NOT_REAL,SYNTHETIC_LABEL_MODEL_PROPOSED,Synthetic common-sense clause added for class coverage; not a real review and not independently adjudicated.
ORIG-0167,Service was very good as we got started with a manager standing close by and ensuring service was happening briskly.,Service,Positive,4,ORIGINAL_TEXT_UNVERIFIED_SOURCE,ORIGINAL_LABEL_UNVERIFIED,Original clause and label retained without provenance verification.
ORIG-0436,each of them were super yummy.,General,Positive,3,ORIGINAL_TEXT_UNVERIFIED_SOURCE,modified,"Reclassified from Neutral to Positive: Taste praise (""each of them were super yummy"")"
SYN-0069,The restaurant had a rooftop seating option.,Ambience,Positive,3,SYNTHETIC_COMMON_SENSE_NOT_REAL,modified,"Reclassified from Neutral to Positive: Desirable rooftop dining feature (""restaurant had a rooftop seating option"")"
SYN-0134,The restaurant offered a discount on selected weekday items.,Price,Positive,3,SYNTHETIC_COMMON_SENSE_NOT_REAL,modified,"Reclassified from Neutral to Positive: Value promotion benefit (""restaurant offered a discount on selected weekday items"")"
SYN-0068,The dining area had a separate family section.,Ambience,Neutral,3,SYNTHETIC_COMMON_SENSE_NOT_REAL,SYNTHETIC_LABEL_MODEL_PROPOSED,Synthetic common-sense clause added for class coverage; not a real review and not independently adjudicated.
ORIG-0187,So how couldn't we as we ordered Biryanis - Chicken and Mutton.,Food,Positive,4,ORIGINAL_TEXT_UNVERIFIED_SOURCE,ORIGINAL_LABEL_UNVERIFIED,Original clause and label retained without provenance verification.
ORIG-0478,The food did not taste good and the service was also late.,Service,Negative,1,ORIGINAL_TEXT_UNVERIFIED_SOURCE,MODEL_ASSISTED_CORRECTION_UNVERIFIED,sentiment corrected from Positive to Negative
ORIG-0091,Zomato delivery guy when delivered I realized that curry was spilling from the box.,Food,Negative,1,ORIGINAL_TEXT_UNVERIFIED_SOURCE,ORIGINAL_LABEL_UNVERIFIED,Original clause and label retained without provenance verification.
SYN-0118,The bill showed a round-off amount at the end.,Price,Neutral,3,SYNTHETIC_COMMON_SENSE_NOT_REAL,SYNTHETIC_LABEL_MODEL_PROPOSED,Synthetic common-sense clause added for class coverage; not a real review and not independently adjudicated.
SYN-0078,The restaurant had plants near the windows.,Ambience,Positive,3,SYNTHETIC_COMMON_SENSE_NOT_REAL,modified,"Reclassified from Neutral to Positive: Pleasing interior decor (""restaurant had plants near the windows"")"
ORIG-0303,They cook amazing Ramyun Noodles.,General,Positive,5,ORIGINAL_TEXT_UNVERIFIED_SOURCE,ORIGINAL_LABEL_UNVERIFIED,Original clause and label retained without provenance verification.
ORIG-0375,"Alongwith the popular chocolate ones do try the caramel, strawberry and colour pop ones too.",General,Positive,5,ORIGINAL_TEXT_UNVERIFIED_SOURCE,ORIGINAL_LABEL_UNVERIFIED,Original clause and label retained without provenance verification.
ORIG-0190,overall taste was good.,Food,Positive,4,ORIGINAL_TEXT_UNVERIFIED_SOURCE,ORIGINAL_LABEL_UNVERIFIED,Original clause and label retained without provenance verification.
SYN-0046,The dining area had tables on both floors.,Ambience,Neutral,3,SYNTHETIC_COMMON_SENSE_NOT_REAL,SYNTHETIC_LABEL_MODEL_PROPOSED,Synthetic common-sense clause added for class coverage; not a real review and not independently adjudicated.
SYN-0030,The server asked about dietary restrictions before taking the order.,Service,Neutral,3,SYNTHETIC_COMMON_SENSE_NOT_REAL,SYNTHETIC_LABEL_MODEL_PROPOSED,Synthetic common-sense clause added for class coverage; not a real review and not independently adjudicated.
ORIG-0150,"Thin strips of chicken being served which serves any justification to the name itself, neither by it's taste nor appearance.",Food,Negative,2,ORIGINAL_TEXT_UNVERIFIED_SOURCE,ORIGINAL_LABEL_UNVERIFIED,Original clause and label retained without provenance verification.
SYN-0143,The room was smoky because of the open kitchen.,Ambience,Negative,2,SYNTHETIC_COMMON_SENSE_NOT_REAL,SYNTHETIC_LABEL_MODEL_PROPOSED,Synthetic common-sense clause added for class coverage; not a real review and not independently adjudicated.
SYN-0037,The staff handled the payment at the table.,Service,Neutral,3,SYNTHETIC_COMMON_SENSE_NOT_REAL,SYNTHETIC_LABEL_MODEL_PROPOSED,Synthetic common-sense clause added for class coverage; not a real review and not independently adjudicated.
SYN-0029,We received a printed bill at the end of the visit.,Service,Neutral,3,SYNTHETIC_COMMON_SENSE_NOT_REAL,SYNTHETIC_LABEL_MODEL_PROPOSED,Synthetic common-sense clause added for class coverage; not a real review and not independently adjudicated.
SYN-0101,The menu showed different prices for half and full portions.,Price,Neutral,3,SYNTHETIC_COMMON_SENSE_NOT_REAL,SYNTHETIC_LABEL_MODEL_PROPOSED,Synthetic common-sense clause added for class coverage; not a real review and not independently adjudicated.
ORIG-0025,If you’re less than three head to the bar because that’s exactly where they like pushing everyone to.,General,Negative,3,ORIGINAL_TEXT_UNVERIFIED_SOURCE,modified,Reclassified from Neutral to Negative: Staff pushing small groups to bar seating
ORIG-0234,not only me even my friends,General,Negative,1,ORIGINAL_TEXT_UNVERIFIED_SOURCE,ORIGINAL_LABEL_UNVERIFIED,Original clause and label retained without provenance verification.
SYN-0047,Music played in the background during the meal.,Ambience,Neutral,3,SYNTHETIC_COMMON_SENSE_NOT_REAL,SYNTHETIC_LABEL_MODEL_PROPOSED,Synthetic common-sense clause added for class coverage; not a real review and not independently adjudicated.
ORIG-0437,We went ahead with the main course.,General,Positive,4,ORIGINAL_TEXT_UNVERIFIED_SOURCE,ORIGINAL_LABEL_UNVERIFIED,Original clause and label retained without provenance verification.
ORIG-0289,"Since the meeting was in Gachibowli, we decided to try out a place not too far from IKEA.",General,Positive,5,ORIGINAL_TEXT_UNVERIFIED_SOURCE,ORIGINAL_LABEL_UNVERIFIED,Original clause and label retained without provenance verification.
ORIG-0271,Please don't visit here if you don't want to fall sick.,General,Negative,1,ORIGINAL_TEXT_UNVERIFIED_SOURCE,ORIGINAL_LABEL_UNVERIFIED,Original clause and label retained without provenance verification.
ORIG-0015,Very cooperative staff special mention to Mr.,Service,Positive,5,ORIGINAL_TEXT_UNVERIFIED_SOURCE,ORIGINAL_LABEL_UNVERIFIED,Original clause and label retained without provenance verification.
ORIG-0183,I would rate the food at 4,Food,Positive,3,ORIGINAL_TEXT_UNVERIFIED_SOURCE,modified,"Reclassified from Neutral to Positive: Food rating praise (""I would rate the food at 4"")"
ORIG-0354,"To be honest food was even more bad, paneer gravy was so watery n tasteless.",Food,Negative,1,ORIGINAL_TEXT_UNVERIFIED_SOURCE,ORIGINAL_LABEL_UNVERIFIED,Original clause and label retained without provenance verification.
ORIG-0118,Best time to visit is on weekdays.,General,Positive,5,ORIGINAL_TEXT_UNVERIFIED_SOURCE,ORIGINAL_LABEL_UNVERIFIED,Original clause and label retained without provenance verification.
ORIG-0259,"considering it being surrounded by MNC""s and the taste maybe it's justified, and definitely it's a worth visiting place!",Price,Positive,3,ORIGINAL_TEXT_UNVERIFIED_SOURCE,ORIGINAL_LABEL_UNVERIFIED,Original clause and label retained without provenance verification.
ORIG-0472,the service is awful.,Service,Negative,2,ORIGINAL_TEXT_UNVERIFIED_SOURCE,ORIGINAL_LABEL_UNVERIFIED,Original clause and label retained without provenance verification.
ORIG-0086,Wings are of very good quality and variety and quality of sauces is very good.,Food,Positive,5,ORIGINAL_TEXT_UNVERIFIED_SOURCE,MODEL_ASSISTED_CORRECTION_UNVERIFIED,aspect corrected from General to Food
ORIG-0063,Didn't like it at all.,General,Negative,2,ORIGINAL_TEXT_UNVERIFIED_SOURCE,ORIGINAL_LABEL_UNVERIFIED,Original clause and label retained without provenance verification.
ORIG-0241,not great good quantity with the high quality meat,General,Positive,3,ORIGINAL_TEXT_UNVERIFIED_SOURCE,ORIGINAL_LABEL_UNVERIFIED,Original clause and label retained without provenance verification.
ORIG-0143,"It smelled stale, sticky to touch and yak in taste.",Food,Negative,1,ORIGINAL_TEXT_UNVERIFIED_SOURCE,ORIGINAL_LABEL_UNVERIFIED,Original clause and label retained without provenance verification.
SYN-0026,The restaurant called when the order was ready.,Service,Neutral,3,SYNTHETIC_COMMON_SENSE_NOT_REAL,SYNTHETIC_LABEL_MODEL_PROPOSED,Synthetic common-sense clause added for class coverage; not a real review and not independently adjudicated.
ORIG-0407,"😂The taste of the food in the buffet,total off.",Food,Negative,2,ORIGINAL_TEXT_UNVERIFIED_SOURCE,ORIGINAL_LABEL_UNVERIFIED,Original clause and label retained without provenance verification.
SYN-0027,The waiter brought napkins with the meal.,Service,Neutral,3,SYNTHETIC_COMMON_SENSE_NOT_REAL,SYNTHETIC_LABEL_MODEL_PROPOSED,Synthetic common-sense clause added for class coverage; not a real review and not independently adjudicated.
SYN-0097,The restaurant offered both individual dishes and shared platters.,Price,Neutral,3,SYNTHETIC_COMMON_SENSE_NOT_REAL,SYNTHETIC_LABEL_MODEL_PROPOSED,Synthetic common-sense clause added for class coverage; not a real review and not independently adjudicated.
ORIG-0136,"Below average restaurant,food is not that good,most people go there for buffet,they served cheap welcome drink,which infected my throat.",Price,Negative,2,ORIGINAL_TEXT_UNVERIFIED_SOURCE,MODEL_ASSISTED_CORRECTION_UNVERIFIED,sentiment corrected from Positive to Negative
ORIG-0483,Rice didn't have any taste.,Food,Negative,3,ORIGINAL_TEXT_UNVERIFIED_SOURCE,modified,"Reclassified from Neutral to Negative: Food taste failure (""Rice didn't have any taste"")"
ORIG-0255,Lousy staff and lousy service.,Service,Negative,3,ORIGINAL_TEXT_UNVERIFIED_SOURCE,modified,"Reclassified from Neutral to Negative: Service complaint (""Lousy staff and lousy service"")"
ORIG-0455,surely needs to improve on customer service and consistency on quality.,Service,Negative,3,ORIGINAL_TEXT_UNVERIFIED_SOURCE,modified,"Reclassified from Neutral to Negative: Explicit critique (""surely needs to improve on customer service"")"
ORIG-0081,They are legit cold and quality of chicken is absymal.,Food,Negative,1,ORIGINAL_TEXT_UNVERIFIED_SOURCE,ORIGINAL_LABEL_UNVERIFIED,Original clause and label retained without provenance verification.
ORIG-0401,I had pizzas or quiche that tasted a lot better at a cheaper price.,Price,Negative,1,ORIGINAL_TEXT_UNVERIFIED_SOURCE,ORIGINAL_LABEL_UNVERIFIED,Original clause and label retained without provenance verification.
ORIG-0311,Follow @dieeating18 on Instagram for more food reviews and offers,Food,Positive,4,ORIGINAL_TEXT_UNVERIFIED_SOURCE,ORIGINAL_LABEL_UNVERIFIED,Original clause and label retained without provenance verification.
ORIG-0146,The starters typically was in taking terms among the guests.,Food,Positive,5,ORIGINAL_TEXT_UNVERIFIED_SOURCE,MODEL_ASSISTED_CORRECTION_UNVERIFIED,aspect corrected from General to Food
SYN-0025,A server explained the dessert choices.,Service,Neutral,3,SYNTHETIC_COMMON_SENSE_NOT_REAL,SYNTHETIC_LABEL_MODEL_PROPOSED,Synthetic common-sense clause added for class coverage; not a real review and not independently adjudicated.
ORIG-0345,Was not at all satisfied with the noodles combo box.,General,Negative,2,ORIGINAL_TEXT_UNVERIFIED_SOURCE,ORIGINAL_LABEL_UNVERIFIED,Original clause and label retained without provenance verification.
SYN-0141,The dining area felt cramped during the busy hour.,Ambience,Negative,2,SYNTHETIC_COMMON_SENSE_NOT_REAL,SYNTHETIC_LABEL_MODEL_PROPOSED,Synthetic common-sense clause added for class coverage; not a real review and not independently adjudicated.
SYN-0059,The dining area had fans as well as air conditioning.,Ambience,Neutral,3,SYNTHETIC_COMMON_SENSE_NOT_REAL,SYNTHETIC_LABEL_MODEL_PROPOSED,Synthetic common-sense clause added for class coverage; not a real review and not independently adjudicated.
ORIG-0355,"To sum it up - ""Amazingly Delicious"".",Food,Positive,4,ORIGINAL_TEXT_UNVERIFIED_SOURCE,ORIGINAL_LABEL_UNVERIFIED,Original clause and label retained without provenance verification.
ORIG-0378,Loud music with Divine drinks on breezy Roof top is definitely worth a try.,Price,Positive,3,ORIGINAL_TEXT_UNVERIFIED_SOURCE,ORIGINAL_LABEL_UNVERIFIED,Original clause and label retained without provenance verification.
ORIG-0471,Avoid during peak hours.,General,Negative,3,ORIGINAL_TEXT_UNVERIFIED_SOURCE,modified,"Reclassified from Neutral to Negative: Crowding caution (""Avoid during peak hours"")"
ORIG-0403,The Famous Kolkata Style Fish Roll was tasteless and dry.,Food,Negative,2,ORIGINAL_TEXT_UNVERIFIED_SOURCE,ORIGINAL_LABEL_UNVERIFIED,Original clause and label retained without provenance verification.
ORIG-0459,"the starters were really good (Crispy Corn, Panner Tikka, Mushroom and Fruit BBQ).",General,Positive,4,ORIGINAL_TEXT_UNVERIFIED_SOURCE,ORIGINAL_LABEL_UNVERIFIED,Original clause and label retained without provenance verification.
SYN-0015,The staff told us the expected waiting time.,Service,Neutral,3,SYNTHETIC_COMMON_SENSE_NOT_REAL,SYNTHETIC_LABEL_MODEL_PROPOSED,Synthetic common-sense clause added for class coverage; not a real review and not independently adjudicated.
SYN-0086,The restaurant had a separate entrance for takeaway orders.,Ambience,Neutral,3,SYNTHETIC_COMMON_SENSE_NOT_REAL,SYNTHETIC_LABEL_MODEL_PROPOSED,Synthetic common-sense clause added for class coverage; not a real review and not independently adjudicated.
SYN-0033,The staff accepted the reservation under our name.,Service,Neutral,3,SYNTHETIC_COMMON_SENSE_NOT_REAL,SYNTHETIC_LABEL_MODEL_PROPOSED,Synthetic common-sense clause added for class coverage; not a real review and not independently adjudicated.
ORIG-0342,so we had to put our jackets back on.,General,Positive,4,ORIGINAL_TEXT_UNVERIFIED_SOURCE,ORIGINAL_LABEL_UNVERIFIED,Original clause and label retained without provenance verification.
ORIG-0088,They are serving old stock food items after that not accepting their fault at all.,Food,Negative,1,ORIGINAL_TEXT_UNVERIFIED_SOURCE,ORIGINAL_LABEL_UNVERIFIED,Original clause and label retained without provenance verification.
SYN-0064,The dining room was on the first floor.,Ambience,Neutral,3,SYNTHETIC_COMMON_SENSE_NOT_REAL,SYNTHETIC_LABEL_MODEL_PROPOSED,Synthetic common-sense clause added for class coverage; not a real review and not independently adjudicated.
ORIG-0125,We ordered lemongrass chicken it was nice,Food,Positive,4,ORIGINAL_TEXT_UNVERIFIED_SOURCE,ORIGINAL_LABEL_UNVERIFIED,Original clause and label retained without provenance verification.
ORIG-0423,or mentioning the recipe beside name could help in choosing the right food.,Food,Negative,2,ORIGINAL_TEXT_UNVERIFIED_SOURCE,ORIGINAL_LABEL_UNVERIFIED,Original clause and label retained without provenance verification.
SYN-0036,The waiter placed the cutlery before the food arrived.,Service,Neutral,3,SYNTHETIC_COMMON_SENSE_NOT_REAL,SYNTHETIC_LABEL_MODEL_PROPOSED,Synthetic common-sense clause added for class coverage; not a real review and not independently adjudicated.
ORIG-0058,The best item i had from their spread is cut watermelon.,General,Positive,1,ORIGINAL_TEXT_UNVERIFIED_SOURCE,ORIGINAL_LABEL_UNVERIFIED,Original clause and label retained without provenance verification.
SYN-0084,The bar area was next to the main seating area.,Ambience,Neutral,3,SYNTHETIC_COMMON_SENSE_NOT_REAL,SYNTHETIC_LABEL_MODEL_PROPOSED,Synthetic common-sense clause added for class coverage; not a real review and not independently adjudicated.
ORIG-0270,The drinks are just fine.,General,Negative,2,ORIGINAL_TEXT_UNVERIFIED_SOURCE,ORIGINAL_LABEL_UNVERIFIED,Original clause and label retained without provenance verification.
SYN-0147,The takeaway packaging fee was unexpectedly high.,Price,Negative,2,SYNTHETIC_COMMON_SENSE_NOT_REAL,SYNTHETIC_LABEL_MODEL_PROPOSED,Synthetic common-sense clause added for class coverage; not a real review and not independently adjudicated.
ORIG-0020,It was a completely filled with chocolate ganache.,General,Positive,5,ORIGINAL_TEXT_UNVERIFIED_SOURCE,ORIGINAL_LABEL_UNVERIFIED,Original clause and label retained without provenance verification.
ORIG-0462,When we requested them to play happy birthday song.,General,Neutral,3,ORIGINAL_TEXT_UNVERIFIED_SOURCE,ORIGINAL_LABEL_UNVERIFIED,Original clause and label retained without provenance verification.
ORIG-0163,Even for drinks (tired of waiting for them to take order) we went to the bar and ordered.,Service,Negative,3,ORIGINAL_TEXT_UNVERIFIED_SOURCE,modified,"Reclassified from Neutral to Negative: Service turnaround delay (""tired of waiting for them to take order"")"
SYN-0034,A server told us which items were sold out.,Service,Negative,3,SYNTHETIC_COMMON_SENSE_NOT_REAL,modified,"Reclassified from Neutral to Negative: Menu limitation / item unavailability (""told us which items were sold out"")"
ORIG-0145,the food was very bad.,Food,Negative,2,ORIGINAL_TEXT_UNVERIFIED_SOURCE,ORIGINAL_LABEL_UNVERIFIED,Original clause and label retained without provenance verification.
SYN-0115,The price of the platter was shown for two people.,Price,Neutral,3,SYNTHETIC_COMMON_SENSE_NOT_REAL,SYNTHETIC_LABEL_MODEL_PROPOSED,Synthetic common-sense clause added for class coverage; not a real review and not independently adjudicated.
ORIG-0036,They were actually requesting my guests to taste everything and were treating my guests and their own!,Food,Positive,5,ORIGINAL_TEXT_UNVERIFIED_SOURCE,ORIGINAL_LABEL_UNVERIFIED,Original clause and label retained without provenance verification.
SYN-0125,The price of the meal was printed on the receipt.,Price,Neutral,3,SYNTHETIC_COMMON_SENSE_NOT_REAL,SYNTHETIC_LABEL_MODEL_PROPOSED,Synthetic common-sense clause added for class coverage; not a real review and not independently adjudicated.
ORIG-0078,Add On : Maple Syrup.,General,Positive,4,ORIGINAL_TEXT_UNVERIFIED_SOURCE,ORIGINAL_LABEL_UNVERIFIED,Original clause and label retained without provenance verification.
ORIG-0013,looks like they have started compromising in quality of food and service.,Service,Negative,1,ORIGINAL_TEXT_UNVERIFIED_SOURCE,ORIGINAL_LABEL_UNVERIFIED,Original clause and label retained without provenance verification.
ORIG-0066,Ordered Goey chocolate brownie with vanilla ice cream and tiramisu.,General,Positive,4,ORIGINAL_TEXT_UNVERIFIED_SOURCE,ORIGINAL_LABEL_UNVERIFIED,Original clause and label retained without provenance verification.
SYN-0081,The restaurant had a small stage near the back wall.,Ambience,Neutral,3,SYNTHETIC_COMMON_SENSE_NOT_REAL,SYNTHETIC_LABEL_MODEL_PROPOSED,Synthetic common-sense clause added for class coverage; not a real review and not independently adjudicated.
SYN-0013,The server pointed out the vegetarian options.,Service,Neutral,3,SYNTHETIC_COMMON_SENSE_NOT_REAL,SYNTHETIC_LABEL_MODEL_PROPOSED,Synthetic common-sense clause added for class coverage; not a real review and not independently adjudicated.
ORIG-0416,worth visiting the place.,Price,Positive,4,ORIGINAL_TEXT_UNVERIFIED_SOURCE,ORIGINAL_LABEL_UNVERIFIED,Original clause and label retained without provenance verification.
SYN-0096,A service charge appeared on the printed bill.,Price,Negative,3,SYNTHETIC_COMMON_SENSE_NOT_REAL,modified,"Reclassified from Neutral to Negative: Extra cost burden (""service charge appeared on the printed bill"")"
ORIG-0179,"The gravy was super thick and delicious, the pasta was boiled perfectly and the presentation was also good.",Food,Positive,5,ORIGINAL_TEXT_UNVERIFIED_SOURCE,ORIGINAL_LABEL_UNVERIFIED,Original clause and label retained without provenance verification.
ORIG-0001,not a place to for team lunch.,General,Negative,4,ORIGINAL_TEXT_UNVERIFIED_SOURCE,MODEL_ASSISTED_CORRECTION_UNVERIFIED,sentiment corrected from Positive to Negative
ORIG-0495,I would never recommend this place to any of my friends or peer,General,Negative,2,ORIGINAL_TEXT_UNVERIFIED_SOURCE,ORIGINAL_LABEL_UNVERIFIED,Original clause and label retained without provenance verification.
ORIG-0050,it’s a let down.,General,Negative,3,ORIGINAL_TEXT_UNVERIFIED_SOURCE,modified,"Reclassified from Neutral to Negative: Explicit letdown (""it’s a let down"")"
ORIG-0097,got Noodles in return.,General,Negative,2,ORIGINAL_TEXT_UNVERIFIED_SOURCE,ORIGINAL_LABEL_UNVERIFIED,Original clause and label retained without provenance verification.
ORIG-0465,We were soo excited about the place,General,Positive,3,ORIGINAL_TEXT_UNVERIFIED_SOURCE,modified,"Reclassified from Neutral to Positive: Positive excitement (""We were soo excited about the place"")"
ORIG-0210,More spicy cannot eat,Food,Negative,2,ORIGINAL_TEXT_UNVERIFIED_SOURCE,ORIGINAL_LABEL_UNVERIFIED,Original clause and label retained without provenance verification.
ORIG-0227,Place and music was good.,Ambience,Positive,2,ORIGINAL_TEXT_UNVERIFIED_SOURCE,ORIGINAL_LABEL_UNVERIFIED,Original clause and label retained without provenance verification.
ORIG-0359,Overall a worthwhile experience,Price,Positive,5,ORIGINAL_TEXT_UNVERIFIED_SOURCE,ORIGINAL_LABEL_UNVERIFIED,Original clause and label retained without provenance verification.
ORIG-0389,if you order paranthas then the North Indian taste that a parantha has is little missing.,Food,Negative,3,ORIGINAL_TEXT_UNVERIFIED_SOURCE,modified,"Reclassified from Neutral to Negative: Culinary authenticity complaint (""North Indian taste... is little missing"")"
ORIG-0421,The food is good for bar menu.,Food,Positive,3,ORIGINAL_TEXT_UNVERIFIED_SOURCE,ORIGINAL_LABEL_UNVERIFIED,Original clause and label retained without provenance verification.
ORIG-0452,We were not at all happy with this.,General,Negative,1,ORIGINAL_TEXT_UNVERIFIED_SOURCE,ORIGINAL_LABEL_UNVERIFIED,Original clause and label retained without provenance verification.
ORIG-0492,The main course was just OK.,General,Negative,2,ORIGINAL_TEXT_UNVERIFIED_SOURCE,ORIGINAL_LABEL_UNVERIFIED,Original clause and label retained without provenance verification.
ORIG-0030,Don’t even have place to dance.,General,Negative,2,ORIGINAL_TEXT_UNVERIFIED_SOURCE,ORIGINAL_LABEL_UNVERIFIED,Original clause and label retained without provenance verification.
ORIG-0011,The best place in Hyderabad to have Pork and beef together.,General,Positive,5,ORIGINAL_TEXT_UNVERIFIED_SOURCE,ORIGINAL_LABEL_UNVERIFIED,Original clause and label retained without provenance verification.
ORIG-0340,The food is decent and the options are a plenty on both the food and liquor front.,Food,Positive,3,ORIGINAL_TEXT_UNVERIFIED_SOURCE,modified,"Reclassified from Neutral to Positive: Food and variety praise (""food is decent and the options are a plenty"")"
ORIG-0283,To satisfy my donut craving stopped at this place.,General,Neutral,3,ORIGINAL_TEXT_UNVERIFIED_SOURCE,ORIGINAL_LABEL_UNVERIFIED,Original clause and label retained without provenance verification.
SYN-0122,The bill included a packaging charge for takeaway.,Price,Neutral,3,SYNTHETIC_COMMON_SENSE_NOT_REAL,SYNTHETIC_LABEL_MODEL_PROPOSED,Synthetic common-sense clause added for class coverage; not a real review and not independently adjudicated.
ORIG-0006,finally got a chance with colleagues to do so after a client meeting.,General,Positive,5,ORIGINAL_TEXT_UNVERIFIED_SOURCE,ORIGINAL_LABEL_UNVERIFIED,Original clause and label retained without provenance verification.
ORIG-0170,Ambience is on point.,Ambience,Positive,4,ORIGINAL_TEXT_UNVERIFIED_SOURCE,ORIGINAL_LABEL_UNVERIFIED,Original clause and label retained without provenance verification.
SYN-0076,The seating area included a long shared table.,Ambience,Neutral,3,SYNTHETIC_COMMON_SENSE_NOT_REAL,SYNTHETIC_LABEL_MODEL_PROPOSED,Synthetic common-sense clause added for class coverage; not a real review and not independently adjudicated.
SYN-0109,The restaurant charged per person for the buffet.,Price,Neutral,3,SYNTHETIC_COMMON_SENSE_NOT_REAL,SYNTHETIC_LABEL_MODEL_PROPOSED,Synthetic common-sense clause added for class coverage; not a real review and not independently adjudicated.
SYN-0133,The menu displayed a price for the unlimited meal option.,Price,Neutral,3,SYNTHETIC_COMMON_SENSE_NOT_REAL,SYNTHETIC_LABEL_MODEL_PROPOSED,Synthetic common-sense clause added for class coverage; not a real review and not independently adjudicated.
SYN-0045,The staff helped us move to a larger table.,Service,Positive,3,SYNTHETIC_COMMON_SENSE_NOT_REAL,modified,"Reclassified from Neutral to Positive: Attentive staff hospitality (""staff helped us move to a larger table"")"
ORIG-0062,I have been to this place Pour House 7 a week ago it was really good,General,Positive,5,ORIGINAL_TEXT_UNVERIFIED_SOURCE,ORIGINAL_LABEL_UNVERIFIED,Original clause and label retained without provenance verification.
SYN-0043,The restaurant provided a receipt after payment.,Service,Neutral,3,SYNTHETIC_COMMON_SENSE_NOT_REAL,SYNTHETIC_LABEL_MODEL_PROPOSED,Synthetic common-sense clause added for class coverage; not a real review and not independently adjudicated.
ORIG-0385,The veg white sauce pasta was pretty good,General,Positive,4,ORIGINAL_TEXT_UNVERIFIED_SOURCE,ORIGINAL_LABEL_UNVERIFIED,Original clause and label retained without provenance verification.
ORIG-0318,Brownie with ice cream (5/5),General,Positive,5,ORIGINAL_TEXT_UNVERIFIED_SOURCE,ORIGINAL_LABEL_UNVERIFIED,Original clause and label retained without provenance verification.
ORIG-0288,"Double Ka metta, kadu ka kheer, gajar ka Halwa, kubani Ka metta.",General,Positive,5,ORIGINAL_TEXT_UNVERIFIED_SOURCE,ORIGINAL_LABEL_UNVERIFIED,Original clause and label retained without provenance verification.
ORIG-0138,Food was brought to table right on time.,Food,Positive,4,ORIGINAL_TEXT_UNVERIFIED_SOURCE,ORIGINAL_LABEL_UNVERIFIED,Original clause and label retained without provenance verification.
ORIG-0350,"Bacardi white rum, antiquity whisky, Smirnoff vodka and kf beer.",General,Neutral,3,ORIGINAL_TEXT_UNVERIFIED_SOURCE,ORIGINAL_LABEL_UNVERIFIED,Original clause and label retained without provenance verification.
SYN-0062,The kitchen could be seen from part of the dining area.,Ambience,Neutral,3,SYNTHETIC_COMMON_SENSE_NOT_REAL,SYNTHETIC_LABEL_MODEL_PROPOSED,Synthetic common-sense clause added for class coverage; not a real review and not independently adjudicated.
ORIG-0279,The food is extremely overpriced compared to the sub standard taste.,Price,Negative,2,ORIGINAL_TEXT_UNVERIFIED_SOURCE,ORIGINAL_LABEL_UNVERIFIED,Original clause and label retained without provenance verification.
ORIG-0418,"Lipta Mushroom isn't that great, mushroom isn't fresh.",Food,Negative,2,ORIGINAL_TEXT_UNVERIFIED_SOURCE,MODEL_ASSISTED_CORRECTION_UNVERIFIED,sentiment corrected from Positive to Negative
SYN-0100,The meal combo included one drink.,Price,Neutral,3,SYNTHETIC_COMMON_SENSE_NOT_REAL,SYNTHETIC_LABEL_MODEL_PROPOSED,Synthetic common-sense clause added for class coverage; not a real review and not independently adjudicated.
SYN-0021,A staff member showed us the available seating.,Service,Neutral,3,SYNTHETIC_COMMON_SENSE_NOT_REAL,SYNTHETIC_LABEL_MODEL_PROPOSED,Synthetic common-sense clause added for class coverage; not a real review and not independently adjudicated.
ORIG-0239,Their In-house Brew is awesome!,General,Positive,4,ORIGINAL_TEXT_UNVERIFIED_SOURCE,ORIGINAL_LABEL_UNVERIFIED,Original clause and label retained without provenance verification.
SYN-0014,Our takeaway order was handed over at the counter.,Service,Neutral,3,SYNTHETIC_COMMON_SENSE_NOT_REAL,SYNTHETIC_LABEL_MODEL_PROPOSED,Synthetic common-sense clause added for class coverage; not a real review and not independently adjudicated.
ORIG-0110,I have been to this place for my team lunch on 22nd Feb.,General,Negative,1,ORIGINAL_TEXT_UNVERIFIED_SOURCE,ORIGINAL_LABEL_UNVERIFIED,Original clause and label retained without provenance verification.
ORIG-0159,They entered ₹200 as tip on the pos machine trying us to pay that for this s***ty service.,Service,Negative,1,ORIGINAL_TEXT_UNVERIFIED_SOURCE,ORIGINAL_LABEL_UNVERIFIED,Original clause and label retained without provenance verification.
ORIG-0260,What a bad food serving this restaurant for high price.,Price,Negative,1,ORIGINAL_TEXT_UNVERIFIED_SOURCE,ORIGINAL_LABEL_UNVERIFIED,Original clause and label retained without provenance verification.
ORIG-0166,They were properly cooked and well served.,General,Positive,5,ORIGINAL_TEXT_UNVERIFIED_SOURCE,ORIGINAL_LABEL_UNVERIFIED,Original clause and label retained without provenance verification.
ORIG-0021,"It is overrated casual Chinese food, with lot of oil.",Food,Negative,1,ORIGINAL_TEXT_UNVERIFIED_SOURCE,ORIGINAL_LABEL_UNVERIFIED,Original clause and label retained without provenance verification.
ORIG-0364,I have noticed crew was busy moving/jumbling the seats all over floor all the time.,General,Negative,2,ORIGINAL_TEXT_UNVERIFIED_SOURCE,ORIGINAL_LABEL_UNVERIFIED,Original clause and label retained without provenance verification.
SYN-0099,The dessert menu had its own set of prices.,Price,Neutral,3,SYNTHETIC_COMMON_SENSE_NOT_REAL,SYNTHETIC_LABEL_MODEL_PROPOSED,Synthetic common-sense clause added for class coverage; not a real review and not independently adjudicated.
ORIG-0274,Rudest billing staff ever.,Service,Negative,1,ORIGINAL_TEXT_UNVERIFIED_SOURCE,ORIGINAL_LABEL_UNVERIFIED,Original clause and label retained without provenance verification.
SYN-0022,The order was served in two rounds.,Service,Neutral,3,SYNTHETIC_COMMON_SENSE_NOT_REAL,SYNTHETIC_LABEL_MODEL_PROPOSED,Synthetic common-sense clause added for class coverage; not a real review and not independently adjudicated.
ORIG-0132,The service was quick and people were friendly.,Service,Positive,4,ORIGINAL_TEXT_UNVERIFIED_SOURCE,ORIGINAL_LABEL_UNVERIFIED,Original clause and label retained without provenance verification.
ORIG-0372,"you're eating, until you finish.",General,Negative,2,ORIGINAL_TEXT_UNVERIFIED_SOURCE,ORIGINAL_LABEL_UNVERIFIED,Original clause and label retained without provenance verification.
ORIG-0174,I must say overall ambience is good.,Ambience,Positive,3,ORIGINAL_TEXT_UNVERIFIED_SOURCE,ORIGINAL_LABEL_UNVERIFIED,Original clause and label retained without provenance verification.
ORIG-0435,Would love to go again here.,General,Positive,4,ORIGINAL_TEXT_UNVERIFIED_SOURCE,ORIGINAL_LABEL_UNVERIFIED,Original clause and label retained without provenance verification.
ORIG-0224,AC does not work properly.,General,Negative,2,ORIGINAL_TEXT_UNVERIFIED_SOURCE,ORIGINAL_LABEL_UNVERIFIED,Original clause and label retained without provenance verification.
ORIG-0229,Food was very tasty,Food,Positive,4,ORIGINAL_TEXT_UNVERIFIED_SOURCE,ORIGINAL_LABEL_UNVERIFIED,Original clause and label retained without provenance verification.
SYN-0053,The seating included booths and regular tables.,Ambience,Neutral,3,SYNTHETIC_COMMON_SENSE_NOT_REAL,SYNTHETIC_LABEL_MODEL_PROPOSED,Synthetic common-sense clause added for class coverage; not a real review and not independently adjudicated.
SYN-0088,The dining room had background conversations from other tables.,Ambience,Neutral,3,SYNTHETIC_COMMON_SENSE_NOT_REAL,SYNTHETIC_LABEL_MODEL_PROPOSED,Synthetic common-sense clause added for class coverage; not a real review and not independently adjudicated.
ORIG-0443,Never heard the better band then them in any pub in Hyderabad.,General,Negative,4,ORIGINAL_TEXT_UNVERIFIED_SOURCE,ORIGINAL_LABEL_UNVERIFIED,Original clause and label retained without provenance verification.
ORIG-0463,They are courteous and efficient and if not sure they do check and come back with the right response.,General,Positive,4,ORIGINAL_TEXT_UNVERIFIED_SOURCE,ORIGINAL_LABEL_UNVERIFIED,Original clause and label retained without provenance verification.
ORIG-0149,the mutton pieces were just 4 numbers out of which 3 were bones as well.,General,Negative,3,ORIGINAL_TEXT_UNVERIFIED_SOURCE,modified,"Reclassified from Neutral to Negative: Portion complaint (""mutton pieces were just 4 numbers out of which 3 were bones"")"
ORIG-0158,Liked the food overall.,Food,Positive,4,ORIGINAL_TEXT_UNVERIFIED_SOURCE,ORIGINAL_LABEL_UNVERIFIED,Original clause and label retained without provenance verification.
SYN-0017,The server answered a question about ingredients.,Service,Neutral,3,SYNTHETIC_COMMON_SENSE_NOT_REAL,SYNTHETIC_LABEL_MODEL_PROPOSED,Synthetic common-sense clause added for class coverage; not a real review and not independently adjudicated.
ORIG-0140,"When asked for spoons, the waiter asked us to use the serving spoon instead.",Service,Negative,2,ORIGINAL_TEXT_UNVERIFIED_SOURCE,ORIGINAL_LABEL_UNVERIFIED,Original clause and label retained without provenance verification.
ORIG-0411,The quantity is too much for a single person and good for 2.,General,Positive,4,ORIGINAL_TEXT_UNVERIFIED_SOURCE,ORIGINAL_LABEL_UNVERIFIED,Original clause and label retained without provenance verification.
ORIG-0393,I'm definitely making more visits to Beyond Flavours.,General,Positive,5,ORIGINAL_TEXT_UNVERIFIED_SOURCE,ORIGINAL_LABEL_UNVERIFIED,Original clause and label retained without provenance verification.
ORIG-0356,The food was also pathetic.,Food,Negative,2,ORIGINAL_TEXT_UNVERIFIED_SOURCE,ORIGINAL_LABEL_UNVERIFIED,Original clause and label retained without provenance verification.
ORIG-0214,Overall I would recommend this place for a casual dining.,General,Positive,3,ORIGINAL_TEXT_UNVERIFIED_SOURCE,modified,"Reclassified from Neutral to Positive: Explicit recommendation (""Overall I would recommend this place"")"
ORIG-0379,The ambience is also so good!,Ambience,Positive,5,ORIGINAL_TEXT_UNVERIFIED_SOURCE,ORIGINAL_LABEL_UNVERIFIED,Original clause and label retained without provenance verification.
ORIG-0236,Would visit this place again soon.,General,Positive,4,ORIGINAL_TEXT_UNVERIFIED_SOURCE,ORIGINAL_LABEL_UNVERIFIED,Original clause and label retained without provenance verification.
SYN-0008,The order was repeated back to us before it was sent to the kitchen.,Service,Neutral,3,SYNTHETIC_COMMON_SENSE_NOT_REAL,SYNTHETIC_LABEL_MODEL_PROPOSED,Synthetic common-sense clause added for class coverage; not a real review and not independently adjudicated.
ORIG-0049,"On top of it, there were very limited items in the buffet.",General,Negative,2,ORIGINAL_TEXT_UNVERIFIED_SOURCE,ORIGINAL_LABEL_UNVERIFIED,Original clause and label retained without provenance verification.
ORIG-0247,Over the moon 🌒 🥰🤘,General,Positive,4,ORIGINAL_TEXT_UNVERIFIED_SOURCE,ORIGINAL_LABEL_UNVERIFIED,Original clause and label retained without provenance verification.
ORIG-0273,Not up to the mark,General,Negative,2,ORIGINAL_TEXT_UNVERIFIED_SOURCE,ORIGINAL_LABEL_UNVERIFIED,Original clause and label retained without provenance verification.
ORIG-0426,Because there is no other brewery in surroundings we can visit to this place.,General,Negative,3,ORIGINAL_TEXT_UNVERIFIED_SOURCE,modified,"Reclassified from Neutral to Negative: Reluctant visit (""Because there is no other brewery in surroundings"")"
SYN-0110,The combo price applied only during lunch hours.,Price,Neutral,3,SYNTHETIC_COMMON_SENSE_NOT_REAL,SYNTHETIC_LABEL_MODEL_PROPOSED,Synthetic common-sense clause added for class coverage; not a real review and not independently adjudicated.
ORIG-0261,"Has paneer kadhai and roti, found it to be spicy",Food,Positive,4,ORIGINAL_TEXT_UNVERIFIED_SOURCE,ORIGINAL_LABEL_UNVERIFIED,Original clause and label retained without provenance verification.
SYN-0050,The tables were arranged in rows near the wall.,Ambience,Neutral,3,SYNTHETIC_COMMON_SENSE_NOT_REAL,SYNTHETIC_LABEL_MODEL_PROPOSED,Synthetic common-sense clause added for class coverage; not a real review and not independently adjudicated.
ORIG-0323,Pathetic and rude staff.,Service,Negative,1,ORIGINAL_TEXT_UNVERIFIED_SOURCE,ORIGINAL_LABEL_UNVERIFIED,Original clause and label retained without provenance verification.
ORIG-0035,They should at least read the order correctly.,General,Negative,1,ORIGINAL_TEXT_UNVERIFIED_SOURCE,ORIGINAL_LABEL_UNVERIFIED,Original clause and label retained without provenance verification.
ORIG-0033,There are a couple of starters,General,Negative,1,ORIGINAL_TEXT_UNVERIFIED_SOURCE,ORIGINAL_LABEL_UNVERIFIED,Original clause and label retained without provenance verification.
ORIG-0329,The kadai paneer and rumali roti were good.,General,Positive,4,ORIGINAL_TEXT_UNVERIFIED_SOURCE,ORIGINAL_LABEL_UNVERIFIED,Original clause and label retained without provenance verification.
ORIG-0397,Shanghai Chef is Chinese Theme Restaurant specialised in their Chinese dishes.,Food,Neutral,3,ORIGINAL_TEXT_UNVERIFIED_SOURCE,ORIGINAL_LABEL_UNVERIFIED,Original clause and label retained without provenance verification.
SYN-0051,A television was on near the bar area.,Ambience,Neutral,3,SYNTHETIC_COMMON_SENSE_NOT_REAL,SYNTHETIC_LABEL_MODEL_PROPOSED,Synthetic common-sense clause added for class coverage; not a real review and not independently adjudicated.
ORIG-0440,"didn't keep any dry ice, because of that it got melted and spreads in the pckage.",General,Negative,3,ORIGINAL_TEXT_UNVERIFIED_SOURCE,modified,"Reclassified from Neutral to Negative: Packaging failure (""didn't keep any dry ice... got melted and spreads in package"")"
ORIG-0330,"Ambience , location and the place is amazing nothing like other places in hyd.",Ambience,Positive,2,ORIGINAL_TEXT_UNVERIFIED_SOURCE,ORIGINAL_LABEL_UNVERIFIED,Original clause and label retained without provenance verification.
ORIG-0291,I have ordered sambhar vada and idli and what I have received is sambhar idli and idli.,General,Negative,1,ORIGINAL_TEXT_UNVERIFIED_SOURCE,ORIGINAL_LABEL_UNVERIFIED,Original clause and label retained without provenance verification.
ORIG-0249,the chestnut curry was okay.,Food,Neutral,3,ORIGINAL_TEXT_UNVERIFIED_SOURCE,ORIGINAL_LABEL_UNVERIFIED,Original clause and label retained without provenance verification.
ORIG-0299,Tolichowki is the main branch for shah ghouse.,General,Neutral,3,ORIGINAL_TEXT_UNVERIFIED_SOURCE,ORIGINAL_LABEL_UNVERIFIED,Original clause and label retained without provenance verification.
ORIG-0213,can be tried .,General,Positive,4,ORIGINAL_TEXT_UNVERIFIED_SOURCE,ORIGINAL_LABEL_UNVERIFIED,Original clause and label retained without provenance verification.
ORIG-0202,Ah what can i say.,General,Positive,5,ORIGINAL_TEXT_UNVERIFIED_SOURCE,ORIGINAL_LABEL_UNVERIFIED,Original clause and label retained without provenance verification.
ORIG-0266,A place to fall in love with.,General,Positive,5,ORIGINAL_TEXT_UNVERIFIED_SOURCE,ORIGINAL_LABEL_UNVERIFIED,Original clause and label retained without provenance verification.
SYN-0009,The server brought extra plates when we requested them.,Service,Positive,3,SYNTHETIC_COMMON_SENSE_NOT_REAL,modified,"Reclassified from Neutral to Positive: Helpful responsive service (""brought extra plates when we requested"")"
SYN-0070,The music changed during the evening.,Ambience,Neutral,3,SYNTHETIC_COMMON_SENSE_NOT_REAL,SYNTHETIC_LABEL_MODEL_PROPOSED,Synthetic common-sense clause added for class coverage; not a real review and not independently adjudicated.
ORIG-0387,Maybe post dinner time.,General,Positive,4,ORIGINAL_TEXT_UNVERIFIED_SOURCE,ORIGINAL_LABEL_UNVERIFIED,Original clause and label retained without provenance verification.
SYN-0146,The restaurant added a service charge without explaining it.,Price,Negative,2,SYNTHETIC_COMMON_SENSE_NOT_REAL,SYNTHETIC_LABEL_MODEL_PROPOSED,Synthetic common-sense clause added for class coverage; not a real review and not independently adjudicated.
ORIG-0326,Kindly try putting more stuffing in the waffles.,General,Negative,2,ORIGINAL_TEXT_UNVERIFIED_SOURCE,ORIGINAL_LABEL_UNVERIFIED,Original clause and label retained without provenance verification.
ORIG-0053,Not a great place.,General,Negative,2,ORIGINAL_TEXT_UNVERIFIED_SOURCE,MODEL_ASSISTED_CORRECTION_UNVERIFIED,sentiment corrected from Positive to Negative
ORIG-0496,"service is really good, especially from one Mr.",Service,Positive,5,ORIGINAL_TEXT_UNVERIFIED_SOURCE,ORIGINAL_LABEL_UNVERIFIED,Original clause and label retained without provenance verification.
ORIG-0055,So bad that i could not even finish any single piece completely.,General,Negative,1,ORIGINAL_TEXT_UNVERIFIED_SOURCE,ORIGINAL_LABEL_UNVERIFIED,Original clause and label retained without provenance verification.
ORIG-0076,We ended with fried ice cream and were totally satisfied by our choice.,General,Positive,4,ORIGINAL_TEXT_UNVERIFIED_SOURCE,ORIGINAL_LABEL_UNVERIFIED,Original clause and label retained without provenance verification.
SYN-0131,The restaurant charged extra for home delivery.,Price,Negative,3,SYNTHETIC_COMMON_SENSE_NOT_REAL,modified,"Reclassified from Neutral to Negative: Additional fee burden (""restaurant charged extra for home delivery"")"
ORIG-0349,We had the kebab platter which was delicious.,Food,Positive,3,ORIGINAL_TEXT_UNVERIFIED_SOURCE,ORIGINAL_LABEL_UNVERIFIED,Original clause and label retained without provenance verification.
ORIG-0428,When I called to the restaurant they said that they will have approximately how 100 items,General,Neutral,3,ORIGINAL_TEXT_UNVERIFIED_SOURCE,ORIGINAL_LABEL_UNVERIFIED,Original clause and label retained without provenance verification.
ORIG-0292,the noodles was blant.,General,Negative,2,ORIGINAL_TEXT_UNVERIFIED_SOURCE,ORIGINAL_LABEL_UNVERIFIED,Original clause and label retained without provenance verification.
ORIG-0491,"yes , can be visited again.",General,Positive,3,ORIGINAL_TEXT_UNVERIFIED_SOURCE,modified,"Reclassified from Neutral to Positive: Repeat visit endorsement (""yes , can be visited again"")"
ORIG-0090,having average reviews thinking that the food might be ok,Food,Negative,1,ORIGINAL_TEXT_UNVERIFIED_SOURCE,ORIGINAL_LABEL_UNVERIFIED,Original clause and label retained without provenance verification.
SYN-0010,The staff confirmed the spice level for the dish.,Service,Neutral,3,SYNTHETIC_COMMON_SENSE_NOT_REAL,SYNTHETIC_LABEL_MODEL_PROPOSED,Synthetic common-sense clause added for class coverage; not a real review and not independently adjudicated.
ORIG-0077,Cheese cake : done well.,General,Negative,2,ORIGINAL_TEXT_UNVERIFIED_SOURCE,ORIGINAL_LABEL_UNVERIFIED,Original clause and label retained without provenance verification.
ORIG-0386,Ordered wolly chicken average.,Food,Negative,1,ORIGINAL_TEXT_UNVERIFIED_SOURCE,ORIGINAL_LABEL_UNVERIFIED,Original clause and label retained without provenance verification.
SYN-0127,The menu had a fixed price for the afternoon tea set.,Price,Neutral,3,SYNTHETIC_COMMON_SENSE_NOT_REAL,SYNTHETIC_LABEL_MODEL_PROPOSED,Synthetic common-sense clause added for class coverage; not a real review and not independently adjudicated.
ORIG-0135,The decor was lovely.,Ambience,Positive,4,ORIGINAL_TEXT_UNVERIFIED_SOURCE,ORIGINAL_LABEL_UNVERIFIED,Original clause and label retained without provenance verification.
ORIG-0242,Overall review: Raju gari kodi pulao is spicy and must taste food if you like some liquidity in pulao.,Food,Positive,3,ORIGINAL_TEXT_UNVERIFIED_SOURCE,modified,"Reclassified from Neutral to Positive: Food recommendation (""must taste food"")"
ORIG-0302,And was extremely rude ''.,Service,Negative,1,ORIGINAL_TEXT_UNVERIFIED_SOURCE,ORIGINAL_LABEL_UNVERIFIED,Original clause and label retained without provenance verification.
