clause,gold_aspect,gold_sentiment,rating_context
not a place to for team lunch.,General,Positive,4
Very poor store management.,General,Negative,1
Food was cold when we started our lunch.,Food,Negative,2
I was never a fan of Chinese food until I visited Chinese pavilion(Banjara hills).,Food,Positive,5
They serve great shrimp and pizza.,General,Positive,5
finally got a chance with colleagues to do so after a client meeting.,General,Positive,5
The Dj wasn’t that great.,General,Positive,3
We asked for mustard and denied.,General,Negative,2
We rushed to the hospital,General,Negative,1
If you are not comfortable seating on the rug then you can sit on table and chair.,Ambience,Positive,5
The best place in Hyderabad to have Pork and beef together.,General,Positive,5
They have pretty good dining area too on the first floor.,General,Positive,3
looks like they have started compromising in quality of food and service.,Service,Negative,1
The food quality has degraded with time.,Food,Negative,1
Very cooperative staff special mention to Mr.,Service,Positive,5
Food was very tasteful and satisfied with every thing in Paradise.,Food,Positive,5
they closed the roof top due to less crowd on a SATURDAY night .,General,Negative,2
here was really difficult to have a conversation.,General,Neutral,3
Food is great here.,Food,Positive,5
It was a completely filled with chocolate ganache.,General,Positive,5
"It is overrated casual Chinese food, with lot of oil.",Food,Negative,1
Had good expectations from Kothimeera chicken,Food,Positive,2
Try 10D or the lal street instead (in the same building).,General,Negative,1
I suggested it to my friends they also loved it.,General,Positive,4
If you’re less than three head to the bar because that’s exactly where they like pushing everyone to.,General,Neutral,3
found hidden traditional hyderabadi food at gachibowli.,Food,Negative,5
initially they refused to serve one.,General,Negative,2
Nachos and pizza are must try.,General,Positive,5
The decor of the restaurant is simply wow.,Ambience,Positive,5
Don’t even have place to dance.,General,Negative,2
"fit provides you a daily dose of health, taste and satisfying meal be it breakfast, lunch or dinner.",Food,Positive,5
Will definitely try their other offerings.,General,Positive,4
There are a couple of starters,General,Negative,1
service can definitely improve.,Service,Neutral,3
They should at least read the order correctly.,General,Negative,1
They were actually requesting my guests to taste everything and were treating my guests and their own!,Food,Positive,5
Spending 150+ on something like this is utter waste.,General,Negative,1
If you just want to have a bite of taste then go ahead.,Food,Negative,2
I ordered butter rotis,General,Positive,4
They taste just how you get them in Delhi.,Food,Positive,4
Very poor service I went in day time and took 40 min to serve nachos.,Service,Negative,1
"only thing is, need to wait for some time to get items.",Service,Positive,4
must try this gem of a place!,General,Positive,4
At the end special thanks to Lime manager Dinesh who made sure that we have the experience that we had.,Service,Positive,5
"Ambience - Simply classic and sufficiently spacious (at least,we felt so because we were the only customers in the restaurant.",Ambience,Positive,5
I was a bit disappointed by that.,General,Neutral,3
definitely a must try.,General,Positive,4
u r not mainted proper quaility.,General,Negative,1
"On top of it, there were very limited items in the buffet.",General,Negative,2
it’s a let down.,General,Neutral,3
Fresh chicken and perfect blend of all sauces and seasonings.,Food,Positive,4
This place is a treat in case you are a sweet tooth.,General,Positive,4
Not a great place.,General,Positive,2
At first it was tasteless,Food,Neutral,3
So bad that i could not even finish any single piece completely.,General,Negative,1
This place is totally wonderful.,General,Positive,5
Not a good experience at all!,General,Positive,2
The best item i had from their spread is cut watermelon.,General,Positive,1
Will never visit again.,General,Negative,1
The colours of the rice was perfectly blended as it reflected the Typical Hyderabadi style.,General,Negative,4
Nothing out of the ordinary.,General,Positive,4
I have been to this place Pour House 7 a week ago it was really good,General,Positive,5
Didn't like it at all.,General,Negative,2
I wouldnt mind another try here and see if my first visit is just an exception.,General,Neutral,3
Now I am still waiting for the food.,Service,Negative,2
Ordered Goey chocolate brownie with vanilla ice cream and tiramisu.,General,Positive,4
Very good place to visit,General,Positive,5
the pizza was cold,General,Negative,1
Paneer lababdar - 4.,General,Positive,4
Overall - 3 stars,General,Neutral,3
Would definitely visit again.,General,Positive,4
Overall it was okayish.,General,Negative,2
Feels like not in the City anymore.,General,Neutral,3
"The antique royal doors, old locks and vintage pictures hanging on the wall and ceiling added to the charm.",General,Positive,4
and they didn’t have most of the things that they specified on their menu card.,General,Negative,2
We ended with fried ice cream and were totally satisfied by our choice.,General,Positive,4
Cheese cake : done well.,General,Negative,2
Add On : Maple Syrup.,General,Positive,4
Ordered paneer butter masala half along with rumali roti and butter naan.,General,Neutral,3
bettrr to avoid the radiason,General,Negative,1
They are legit cold and quality of chicken is absymal.,Food,Negative,1
Parking issues and limited indoor seating when its too hot to grab a seat outside.,Ambience,Neutral,3
The butter naan was alright,General,Negative,2
I would definitely recommend this for a casual snack time.,General,Positive,4
And the manager is also helpless and rude if the costumers complaint.,Service,Negative,1
Wings are of very good quality and variety and quality of sauces is very good.,General,Positive,5
I would never recommend this place.,General,Negative,2
They are serving old stock food items after that not accepting their fault at all.,Food,Negative,1
Food was just awesome.,Food,Positive,4
having average reviews thinking that the food might be ok,Food,Negative,1
Zomato delivery guy when delivered I realized that curry was spilling from the box.,Food,Negative,1
"by Navaratri thali you would expect kadhi, khichadi and some good options",General,Positive,3
I m never going back there.,General,Negative,1
Incompetent people working here.,General,Negative,1
The detailed review are as follows:,General,Positive,4
There were house flies all over.,General,Negative,1
got Noodles in return.,General,Negative,2
Place was not too much crowded .,General,Positive,5
Been to this place few days back with my friends,General,Neutral,3
Can't wait to visit again.,Service,Positive,5
It has indoor sitting available with beautiful lights and music in the background.,Ambience,Neutral,3
Staff is courteous and prompt.,Service,Positive,5
Less masala and quality is bit of low.,General,Neutral,3
Lets start with the good part for which the two stars.,General,Positive,2
We ordered egg biryani and we were delivered chicken biryani with chicken replaced with eggs.,Food,Negative,1
Finally I got a call from delivery guy after 1 hour and he said will be there in 3 min.,General,Negative,1
We wonder how you people manage all good food with good service.,Service,Positive,5
"Service, i always let go even if the service is not uptothemark cause it's understandable and afterall they are human.",Service,Negative,2
"The person who delivered the order was on time, polite and food was good too.",Food,Positive,5
I have been to this place for my team lunch on 22nd Feb.,General,Negative,1
We happened to visit American Wild Wings on a Friday evening and the place was desolated.,General,Positive,4
And when we complained in zomato chat they gave 27 credit points .,General,Negative,1
"After two widely separated visits, I'm positively impressed by Jonathan's Kitchen.",General,Positive,4
With tummies full we ordered Blue Mojito and it too scored as expected.,General,Positive,4
Good and fast service.,Service,Positive,5
when ever I visit I choose Gachibowli yum yum tree only ☺️,General,Positive,5
The food and starters are really good.,Food,Positive,5
Best time to visit is on weekdays.,General,Positive,5
Staff are good and friendly as well.,Service,Positive,5
I have ordered Paneer sticks twice from here and love the taste.,Food,Positive,4
They have limited food options in menu,Food,Positive,4
Wont bother going here again.,General,Negative,2
"these sauces were good, few sauces like the lemon garlic and original hot were disappointing.",General,Positive,4
My guest just kept asking for more and more and Lime staff kept serving them without any fuss!,Service,Positive,5
We ordered lemongrass chicken it was nice,Food,Positive,4
The taste of those leaves were kind of predominant at times.,Food,Positive,5
Apart from the cappuccinos nothing else tasted good.,Food,Positive,2
Even the 2 rating is because the staff was very polite and we had no complains there.,Service,Positive,2
The food was not made well and the service needs a lot of improvement.,Service,Negative,1
Had Manchow Soup which can be much better.,General,Negative,2
Had been there for lunch on a Friday afternoon.,General,Positive,4
The service was quick and people were friendly.,Service,Positive,4
I only eat chicken,Food,Positive,4
"The drinks I liked where Virgin Mojito, Lust and Gluttony.",General,Positive,5
The decor was lovely.,Ambience,Positive,4
"Below average restaurant,food is not that good,most people go there for buffet,they served cheap welcome drink,which infected my throat.",Price,Positive,2
they need to improve a lot on food quality.,Food,Neutral,3
Food was brought to table right on time.,Food,Positive,4
A little more organized would be good.,General,Positive,3
"When asked for spoons, the waiter asked us to use the serving spoon instead.",Service,Negative,2
I loved this place and will continue visiting it 😍,General,Positive,5
Eating it all I can say if it's ur,General,Negative,1
"It smelled stale, sticky to touch and yak in taste.",Food,Negative,1
And the food is at reasonable price so anyone can afford it.,Price,Neutral,3
the food was very bad.,Food,Negative,2
The starters typically was in taking terms among the guests.,General,Positive,5
"By the time it was delivered to me, curry had splashed all over the container , even leaking from package.",Food,Negative,1
Almost all the items in their menu are super tasty.,General,Positive,5
the mutton pieces were just 4 numbers out of which 3 were bones as well.,General,Neutral,3
"Thin strips of chicken being served which serves any justification to the name itself, neither by it's taste nor appearance.",Food,Negative,2
didn't add any risens and lichi shake contain barely any lichi in it.,General,Negative,1
ordered soup Veg Mancho soup bad quality no vegetables only thick Corn paste,General,Negative,1
*lemonade : this was minty and cool .,General,Positive,4
Overall a very good experience,General,Positive,4
My little friends enjoyed thoroughly,General,Positive,5
"Even after informing the management about the taste, they were asking if salt or spice is more",Food,Negative,1
Big name bad service.,Service,Negative,1
Liked the food overall.,Food,Positive,4
They entered ₹200 as tip on the pos machine trying us to pay that for this s***ty service.,Service,Negative,1
as we went on weekday could not see that,General,Negative,2
Overall combos are good and Thali's too are nice option to go for.,General,Positive,3
Maximum average on quality and taste.,Food,Neutral,3
Even for drinks (tired of waiting for them to take order) we went to the bar and ordered.,Service,Neutral,3
Also absolutely near to my office,General,Positive,5
Prawns and Fish items are not so much tasty !,General,Positive,3
They were properly cooked and well served.,General,Positive,5
Service was very good as we got started with a manager standing close by and ensuring service was happening briskly.,Service,Positive,4
have tried today Brownie blast ice cream which was very good in taste.,Food,Positive,4
most ordinary rooms with no music.,Ambience,Negative,2
Ambience is on point.,Ambience,Positive,4
the aroma and taste of the pieces also bad.,Food,Negative,1
"quality, potion size, serving and taste is great .",Food,Positive,4
Hope the will keep the standard better.,General,Neutral,3
I must say overall ambience is good.,Ambience,Positive,3
Nothing great about the place.,General,Positive,2
Great selection of freshly made breads.,Food,Positive,5
"Best pocket friendly place in and around Gachibowli if you are a fan of South Korea, and North Eastern cuisine.",General,Positive,4
Have ordered dinner from them on multiple occasions.,General,Positive,5
"The gravy was super thick and delicious, the pasta was boiled perfectly and the presentation was also good.",Food,Positive,5
Had a box of 3 donuts post lunch at sln terminus .,General,Positive,4
The food here has authentic Andhra taste.,Food,Positive,4
Left half the dish.,Food,Neutral,3
I would rate the food at 4,Food,Neutral,3
What this place lacks is in service.,Service,Neutral,3
I have already wasted 25 mins time.,General,Negative,2
Super service and awesome place.,Service,Positive,5
So how couldn't we as we ordered Biryanis - Chicken and Mutton.,Food,Positive,4
hope u understand DAN we got a table after a calll so cheap f these managers there.,Service,Negative,1
ice cream low in waffle treat,General,Neutral,3
overall taste was good.,Food,Positive,4
never got so confused about the menu.,General,Negative,1
Might not come again.,General,Negative,2
And the food was okay.,Food,Neutral,3
The quality of cheese in pizza can be slightly better I feel.,General,Neutral,3
The place was in utter silence.,General,Neutral,3
Momos here are really tasty and especially the steamed momos are steamed properly with a thin outer layer.,General,Positive,4
This was my 2nd time here and the place still disappointed me.,General,Negative,2
Absoultely pocket and taste bud friendly.,Food,Positive,4
People were supper friendly and the food was awesome.,Food,Positive,5
The main course had a terrible array of dishes.,Food,Negative,2
"The food , ambience , service and nevertheless the service of the host.",Service,Positive,4
Ah what can i say.,General,Positive,5
"All in all, I will not visit this restaurant again and a do not recommend it to anyone.",General,Negative,2
It is seldom you see a restaurant with 4.,General,Negative,2
Music : 3/5 ( in the indoor seating area the music was too loud ),Ambience,Positive,4
There were some cut fruits and butterscotch pastry too,General,Positive,4
I've tasted many flavours from the menu.,Food,Positive,4
Love to come back again.,General,Positive,5
I asked person attending us to start the main course at 8.,General,Negative,2
More spicy cannot eat,Food,Negative,2
Desserts are really yummy and should definitely give a try.,General,Positive,4
Best place to chill and find many bikers here.,General,Positive,4
can be tried .,General,Positive,4
Overall I would recommend this place for a casual dining.,General,Neutral,3
they have a very cosy atmosphere with a wonderful view of the Gachibowli Road from atop the 10th floor.,Ambience,Positive,4
grilled chicken tasted like boiled chicken burger.,Food,Negative,1
I'm a big fan of this place and love their combos.,General,Positive,4
Management was rude and was insisting they’ll not provide the buffet,Service,Negative,1
I was pretty excited about going to this place,General,Negative,2
Overall would probably visit them again for the ambiance,General,Neutral,3
"if management can't simply think abt service, I am sure we can figure out other places to eat.",Service,Negative,2
food quality and service quality which makes reputation.,Service,Negative,1
The food didn’t taste really well and the ambiance wasn’t great too.,Food,Positive,2
AC does not work properly.,General,Negative,2
"Apparently, not so hygenic and healthy as they claim themselves to be!",General,Negative,1
"When the same was raised with the manager, he was very arrogant asking us it can't be changed.",Service,Negative,1
Place and music was good.,Ambience,Positive,2
Even the puffs and Victoria cake are nice to have.,General,Positive,3
Food was very tasty,Food,Positive,4
Food we tried here:,Food,Positive,4
expecting better qualities for the next order.,General,Negative,2
Ajay’s guest interaction and serving the food within time appreciable and food is delicious,Food,Positive,4
The pub feels start as soon as a glance falls on the building with colorful lights.,General,Neutral,3
not only me even my friends,General,Negative,1
"Personally, i've never experienced such delay.",Service,Positive,5
Would visit this place again soon.,General,Positive,4
Chicken is not at all spicy.,Food,Neutral,3
It is priced at per with some of the fine dining restaurants.,Price,Neutral,3
Their In-house Brew is awesome!,General,Positive,4
What a class Man.,General,Neutral,3
not great good quantity with the high quality meat,General,Positive,3
Overall review: Raju gari kodi pulao is spicy and must taste food if you like some liquidity in pulao.,Food,Neutral,3
I have ordered few times for luch and I liked it.,General,Positive,5
"It had Kuttu Aata parathas, Paneer curry, Sabudana vada, and Sabudana Kheer.",Food,Negative,2
(On a lighter note the person who was drinking from the glass has not got any spider man capabilities) .,General,Negative,1
Today had a team lunch at 3B's and it was a horrible experience.,General,Negative,1
Over the moon 🌒 🥰🤘,General,Positive,4
Food is tasty and right sized portions!,Food,Positive,4
the chestnut curry was okay.,Food,Neutral,3
Its very much pocket friendly .,General,Positive,4
Live music was very soothing.,Ambience,Positive,4
fit seems to be not bothered.,General,Negative,1
"The drinks were good, the food was mediocre, the service was pathetic.",Service,Positive,3
It was Lunch time at Office and i did not bring my lunch box.,General,Positive,5
Lousy staff and lousy service.,Service,Neutral,3
Also a great place to take clicks.,General,Positive,5
"Taste was ok,not that great.",Food,Positive,3
Especially crispy corn was good and also lamb,General,Positive,5
"considering it being surrounded by MNC""s and the taste maybe it's justified, and definitely it's a worth visiting place!",Price,Positive,3
What a bad food serving this restaurant for high price.,Price,Negative,1
"Has paneer kadhai and roti, found it to be spicy",Food,Positive,4
One waiter passes the message to another and the other one doesn’t care!,Service,Negative,1
Loaded nachos was the best dish among the list and we had two of them.,Food,Positive,3
the food quality is okay.,Food,Neutral,3
"The momos are also good , huge and filling.",General,Positive,4
A place to fall in love with.,General,Positive,5
They missed serving us welcome drink of chaas/lassi,General,Neutral,3
No restaurant denied me that discount before.,General,Negative,1
"Been here two times, once at the rooftop and once inside.",General,Positive,4
The drinks are just fine.,General,Negative,2
Please don't visit here if you don't want to fall sick.,General,Negative,1
"The paneer was very softly cooked and absorbed the flavors of the spices, and the gravy too was amazing.",General,Positive,4
Not up to the mark,General,Negative,2
Rudest billing staff ever.,Service,Negative,1
this birthday dinner will be cherished.,General,Positive,5
We visited yesterday(7th Dec) as we heard a lot about this restaurant.,General,Neutral,3
Visited this place for an office party that was organised.,General,Neutral,3
unfortunately we did not like anything they offered.,General,Negative,2
The food is extremely overpriced compared to the sub standard taste.,Price,Negative,2
I liked the food and ambience,Ambience,Negative,2
The service wasn't good.,Service,Positive,2
Hop to jonathans for food or some place in indiranagar.,Food,Negative,2
To satisfy my donut craving stopped at this place.,General,Neutral,3
"Been here for lunch on holiday,even",General,Negative,2
"Starters menu is good, we had cheese balls and chicken started.",Food,Positive,4
Vrigin mojito ( 5/5),General,Positive,5
Disappointed with their so called special Navaratri thali festival .,General,Neutral,3
"Double Ka metta, kadu ka kheer, gajar ka Halwa, kubani Ka metta.",General,Positive,5
"Since the meeting was in Gachibowli, we decided to try out a place not too far from IKEA.",General,Positive,5
It usually stays open late night,General,Negative,2
I have ordered sambhar vada and idli and what I have received is sambhar idli and idli.,General,Negative,1
the noodles was blant.,General,Negative,2
I visited the place last week.,General,Negative,2
Not at all inpressive :/,General,Neutral,3
I have been this on last Sunday .,General,Neutral,3
Asked the waiter to taste a spoon so that he will come to know the pathetic taste.,Service,Negative,1
he had put spinach in all of my dishes and that too in huge quantities.,Food,Negative,1
Recommended for those who are nearby DLF and wanted to try biryani and nonveg,Food,Positive,4
Tolichowki is the main branch for shah ghouse.,General,Neutral,3
I went very late to this place.,General,Positive,4
Had visited for lunch buffet.,General,Negative,2
And was extremely rude ''.,Service,Negative,1
They cook amazing Ramyun Noodles.,General,Positive,5
I do not recommend this restaurant.,General,Negative,1
The main attraction would always be the awesome interiors which this place offers.,Ambience,Positive,4
we have ordered Kodi roast which was average when compared to godavari royyala vepudu.,General,Negative,2
You might see lot of positive feedbacks,General,Negative,2
"overall, I was disappointed for the first time being there.",General,Neutral,3
The rain today made it even better.,General,Negative,2
Not sure how Behrouz expected us to consume the box full of rice with a small piece of mutton.,General,Negative,1
Follow @dieeating18 on Instagram for more food reviews and offers,Food,Positive,4
"On the whole, if you are here for mutton Biryani, i recommend not to take.",Food,Negative,1
What we felt that the service was a bit slow and they were confused which haleem we actually ordered.,Service,Negative,4
Well my favourite late night joint for burgers,General,Positive,4
"Firstly, they quoted wrong price over the call.",Price,Negative,2
Didn't have biryanis available hence had to sacrifice with steamed rice and dal.,Food,Negative,1
"Pepper chicken was over fried, which was giving a burnt taste.",Food,Negative,2
Brownie with ice cream (5/5),General,Positive,5
Worst ever litti choka i had.,General,Negative,1
I happened to stay in Hyatt Gachibowli during one of my visits to Hyderabad.,General,Negative,4
"So we ordered that platter with Jamaican, Nasheman and Malai fish tikka.",General,Positive,4
There's open terrace too.,General,Positive,4
Pathetic and rude staff.,Service,Negative,1
we have paid for it.,General,Negative,1
The food too was not fresh and was stale and was smelling.,Food,Negative,1
Kindly try putting more stuffing in the waffles.,General,Negative,2
Sit at the roof top and enjoy nicenbreezy air and feel of Goa,General,Positive,5
Visited this place a week ago with my foodie friends!,Food,Positive,5
The kadai paneer and rumali roti were good.,General,Positive,4
"Ambience , location and the place is amazing nothing like other places in hyd.",Ambience,Positive,2
very nice place to go.,General,Positive,5
They have too vast a menu for them to handle.,General,Neutral,3
"If you're are party freak, you would like to be inside",General,Positive,5
"Awesome and wonderful place, I had ordered frequently from this place and visited this place a lot times.",General,Positive,5
We were grp of 20 members.,General,Positive,5
I have throwed Biryani on,Food,Negative,1
Had to ask for every little thing.,General,Negative,2
Guys you should taste this mango flavor.,Food,Positive,4
It can be little more spicy and juicy.,Food,Neutral,3
The food is decent and the options are a plenty on both the food and liquor front.,Food,Neutral,3
U went here as i heard their haleem was great.,General,Positive,3
so we had to put our jackets back on.,General,Positive,4
Kindly find the attachment.,General,Negative,2
A 5+ service with 5+ food taste!,Service,Positive,5
Was not at all satisfied with the noodles combo box.,General,Negative,2
The ones that were there were mediocre as well.,General,Negative,2
Loved the Mango flavor cake.,General,Neutral,3
must try grilled chicken sizzler and sizzling brownie.,Food,Positive,5
We had the kebab platter which was delicious.,Food,Positive,3
"Bacardi white rum, antiquity whisky, Smirnoff vodka and kf beer.",General,Neutral,3
the Enlightened One felt that they could've been a tad fresher.,Food,Positive,5
"I ordered hazelnut coffee, paneer kulcha and my friend ordered some dry fruits crispy sweet croissant along with coffee.",General,Positive,4
Chole bhature was also good.,General,Positive,3
"To be honest food was even more bad, paneer gravy was so watery n tasteless.",Food,Negative,1
"To sum it up - ""Amazingly Delicious"".",Food,Positive,4
The food was also pathetic.,Food,Negative,2
food quantity is small,Food,Neutral,3
The chicken soup was really bad.,Food,Negative,1
Overall a worthwhile experience,Price,Positive,5
"if stuffing goes down,ppl may stop ordering",General,Neutral,3
Cakes and pastries are also very good in taste and quality.,Food,Positive,4
"Both of times it was fun, service was quick and staff was courteous, full points for that.",Service,Positive,4
The lemon coriander soup was quite normal with dense eggy smell.,General,Neutral,3
I have noticed crew was busy moving/jumbling the seats all over floor all the time.,General,Negative,2
Perhaps they don't have time to clean it up to reach standards of safe place,Ambience,Negative,2
To be honest it didn't live up to the great reviews and great reputation it has.,General,Positive,3
one thing was there is packaging.,General,Positive,4
A worst experience an awfull taste and they call walnuts as almond,Food,Negative,1
"Biryani was bad, it was burned.",Food,Negative,3
The place is a definitely a crowd puller,General,Negative,1
Not even a single Indian item was found in the entire menu.,General,Negative,2
"you're eating, until you finish.",General,Negative,2
They have more than 27 dishes with veg and non-veg options plus desserts.,Food,Positive,5
Had ordered rolls and puffs from here.,General,Neutral,3
"Alongwith the popular chocolate ones do try the caramel, strawberry and colour pop ones too.",General,Positive,5
Pizza and pasta are delicious too.,Food,Positive,5
Apart from that all good,General,Positive,4
Loud music with Divine drinks on breezy Roof top is definitely worth a try.,Price,Positive,3
The ambience is also so good!,Ambience,Positive,5
The variety was less.,General,Negative,2
"Ordered only ginger tea, Irani tea, osmania biscuits",General,Negative,2
Next we were served with chicken nuggets and chicken popcorn.,Food,Positive,4
"they have quite a lot of quantity, which is great!",General,Positive,4
"It contained lettuce, lettuce and more lettuce.",General,Negative,2
The veg white sauce pasta was pretty good,General,Positive,4
Ordered wolly chicken average.,Food,Negative,1
Maybe post dinner time.,General,Positive,4
"And the best part is, all of them are mouth watering-delicious.",Food,Positive,5
if you order paranthas then the North Indian taste that a parantha has is little missing.,Food,Neutral,3
"I have had high regards for Khansaab over years, eversince they've started in GVKone.",General,Negative,1
Just need to reduce the oil quantity.,General,Positive,4
Served with curd and green and red chutney will make you feel eat more,General,Positive,5
I'm definitely making more visits to Beyond Flavours.,General,Positive,5
was not delivered and amount was paid.,General,Negative,1
"Food is not at all good, and the staff is not professional, parking floors are worst.",Service,Negative,1
"Have options for chat, tea,coffee stall as well",General,Positive,4
Shanghai Chef is Chinese Theme Restaurant specialised in their Chinese dishes.,Food,Neutral,3
Giving 2 star because they didn't add mayo as requested.,General,Negative,2
Coming to the worst part - the service.,Service,Negative,3
"Ordered a Chicken Omelette, Mushroom omelette and filter coffee.",Food,Negative,2
I had pizzas or quiche that tasted a lot better at a cheaper price.,Price,Negative,1
the presentation was good.,General,Positive,3
The Famous Kolkata Style Fish Roll was tasteless and dry.,Food,Negative,2
the spread is definitely good cz I checked that out.,General,Positive,5
Service is good as the place is not so crowded at the time we went.,Service,Positive,2
"Coming to the buffet spread, I really loved the fresh and soothing welcome drink, probably cranberry juice it was.",Food,Positive,4
"😂The taste of the food in the buffet,total off.",Food,Negative,2
The empty plates were not even cleared until we went to find the guy and then ask him to clean.,Ambience,Neutral,3
this is my go to place in hyderabad now,General,Negative,4
"we are asking to the manager he said that it was ghee,no proper response from them.",Service,Negative,1
The quantity is too much for a single person and good for 2.,General,Positive,4
Staff is not trained well and manager on-site is not at all worried for customer experience.,Service,Negative,1
Super food and fantastic service by Vishal.,Service,Positive,5
The air conditioning was not working.,General,Negative,2
I couldn't taste noodles as the dish was not refilled even after waiting for sometime.,Service,Neutral,3
worth visiting the place.,Price,Positive,4
Service is good and the people are polite.,Service,Positive,5
"Lipta Mushroom isn't that great, mushroom isn't fresh.",Food,Positive,2
To make a long story short.,General,Negative,1
It was chinese .,General,Negative,2
The food is good for bar menu.,Food,Positive,3
This is where I tried the first Sushi platter in my life .,General,Positive,4
or mentioning the recipe beside name could help in choosing the right food.,Food,Negative,2
The tables were wiped,General,Negative,1
We were out on a Saturday morning to check out a house right opposite this place.,General,Positive,5
Because there is no other brewery in surroundings we can visit to this place.,General,Neutral,3
"When asked for salad (thrice), no one served.",General,Negative,1
When I called to the restaurant they said that they will have approximately how 100 items,General,Neutral,3
very poor food and my items were missing,Food,Negative,1
Size of parathas is huge and stuffing is really yum.,General,Positive,4
"For main course we ordered Veg Hakka Noodles, which was again prepared well and the noodles too were quite light.",General,Positive,4
Drinks were of bad quality.,General,Negative,1
Couldn't even finish it !,General,Negative,2
So you have to get more improve deliver food on the table and not letting them wait for so long.,Service,Positive,5
Would love to go again here.,General,Positive,4
each of them were super yummy.,General,Neutral,3
We went ahead with the main course.,General,Positive,4
they have to follow the instruction which the customer has placed i have ask them to give double spice,General,Neutral,3
Pesto rice with chicken stroganoff (5/5) the flavored rice was really tasty,Food,Positive,5
"didn't keep any dry ice, because of that it got melted and spreads in the pckage.",General,Neutral,3
Food taste was Ok,Food,Neutral,3
"Ordered kaju panner, they have delivered chicken curry.",Food,Negative,2
Never heard the better band then them in any pub in Hyderabad.,General,Negative,4
I love the food here they have a great spread for their buffet.,Food,Positive,5
"Even if we ignore prices , taste and services are worst that I have encountered in any Zomato Gold restaurant.",Service,Negative,1
"Amritsari kulcha, mutton bhuna are really amazing.",General,Positive,4
This is what I got after spending 550 on the buffet.,General,Negative,2
Tandoori items tasted good.,Food,Positive,3
Gachibowli fried chicken was a disaster.,Food,Negative,1
The starter and the main course were equally good.,General,Positive,4
Food I should say is not so appealing.,Food,Negative,2
We were not at all happy with this.,General,Negative,1
"If someone is looking for North Indian, marsala food company should be tried!",Food,Positive,4
Visited this place for event hilight tribe booked a VIP pass entry .,General,Negative,1
surely needs to improve on customer service and consistency on quality.,Service,Neutral,3
"It's a small place with around 6-7 tables, with only two stewards.",General,Negative,2
We want to visit again.,General,Positive,5
The ice cream looked good,General,Positive,2
"the starters were really good (Crispy Corn, Panner Tikka, Mushroom and Fruit BBQ).",General,Positive,4
"Briyani rice is good , over masala and very less pieces of chicken .",Food,Positive,1
I am not a big fan of sports bikes,General,Positive,4
When we requested them to play happy birthday song.,General,Neutral,3
They are courteous and efficient and if not sure they do check and come back with the right response.,General,Positive,4
then decided to give it a try anyway.,General,Neutral,3
We were soo excited about the place,General,Neutral,3
Food was great .,Food,Positive,4
For food not good.,Food,Negative,1
The first giveaway was the menu cards.,General,Negative,2
"I don't understand why do restaurants like these exist too, when they are not interested in doing business.",General,Negative,1
Penne Arrabiata pasta is one dish that I would recommend you all to try here.,Food,Positive,5
Avoid during peak hours.,General,Neutral,3
the service is awful.,Service,Negative,2
it's taste was not that good.,Food,Positive,3
Later is when they got the hot food which no variety and disappointed good experience.,Food,Positive,1
No reservations required for two.,General,Neutral,3
Service is good too.,Service,Positive,4
i am seriously disappointed for these order.,General,Negative,1
The food did not taste good and the service was also late.,Service,Positive,1
Also I wanted to book my table beforehand.,General,Negative,1
I HAD HIGH EXPECTATIONS FROM THIS PLACE CUZ OF THEIR EXCEPTIONAL INTERNATIONAL STANDARDS,General,Neutral,3
And he saying to come in the evng or next day.,General,Negative,2
n i was very excited to taste the foodz I was missing northeast taste🤤,Food,Negative,2
Rice didn't have any taste.,Food,Neutral,3
Dont deliver from here.,General,Negative,1
rlRestaurant had a decent ambience,Ambience,Neutral,3
The ambience was okay,Ambience,Negative,2
Usually not a fan of corn,General,Positive,4
Giving three stars only because of the good staff and the amazing ambiance near the pool.,Service,Positive,3
Cons: Food variety and taste.,Food,Negative,2
the quality was average.,General,Neutral,3
"yes , can be visited again.",General,Neutral,3
The main course was just OK.,General,Negative,2
the bread accompanying it was again hard and stretchy enough to have been made a whole week ago!,General,Neutral,3
Cucumber Coriander Mocktail: The cucumber coriander mocktail was too sweet.,General,Neutral,3
I would never recommend this place to any of my friends or peer,General,Negative,2
"service is really good, especially from one Mr.",Service,Positive,5
I tried Paneer Tikka which was very nice.,General,Positive,4
Loved the ambience of the place.,Ambience,Positive,5
I can never get bored of their food and ambience.,Ambience,Positive,5
It might tasted better if it was bit wet.,Food,Neutral,3
